id,liste,region,nuance,candidat,voix_tour_1,contient_nom_candidat,!,Action,Alliance,Anticapitaliste,Centre,Changement,Conduite,Construire,Demain,Droite,Ecologie,Ensemble,Europe,Force,France,Front,Gauche,Independant,Juste,Lutte,Moderne,National,Nouveau,Oser,Ouvriere,PC,Progres,PS,Rassemblement,Solidaire,Soutenue,Tete,Tous,UMP,Union,Extreme
,,,,,,1,0,0,0,0,0,0,0,0,0,0,0,0,0,0,0,0,0,0,0,0,0,0,0,0,0,0,0,0,0,0,0,0,0,0,0,0
"A GAUCHE AVEC ALAIN LE VERN : J'AIME MA REGION (TETE DE LISTE PS, LISTE PS, AUTRE GAUCHE)///HAUTE-NORMANDIE","A GAUCHE AVEC ALAIN LE VERN : J'AIME MA REGION (TETE DE LISTE PS, LISTE PS, AUTRE GAUCHE)",HAUTE-NORMANDIE,SOC-autreG,LE VERN,199345,0,0,0,0,0,0,0,0,0,0,0,0,0,0,0,0,0,1,0,0,0,0,0,0,0,0,0,0,1,0,0,0,1,0,0,0,0
"A GAUCHE MAINTENANT ! (TETE DE LISTE PC, LISTE PC, PARTI DE GAUCHE ET NOUVEAU PARTI ANTICAPITALISTE)///LANGUEDOC-ROUSSILLON","A GAUCHE MAINTENANT ! (TETE DE LISTE PC, LISTE PC, PARTI DE GAUCHE ET NOUVEAU PARTI ANTICAPITALISTE)",LANGUEDOC-ROUSSILLON,COM,REVOL,76417,0,1,0,0,1,0,0,0,0,0,0,0,0,0,0,0,0,1,0,0,0,0,0,1,0,0,1,0,0,0,0,0,1,0,0,0,0
"A GAUCHE TOUTE! NE RIEN LACHER, TOUT CHANGER. (NOUVEAU PARTI ANTICAPITALISTE)///CENTRE","A GAUCHE TOUTE! NE RIEN LACHER, TOUT CHANGER. (NOUVEAU PARTI ANTICAPITALISTE)",CENTRE,EXG,LASSERRE,19308,0,1,0,0,1,0,1,0,0,0,0,0,0,0,0,0,0,1,0,0,0,0,0,1,0,0,0,0,0,0,0,0,0,0,0,0,0
"AGEG: POUR UNE GUYANE FORTE, RECONCILIEE, EPANOUIE (TETE DE LISTE DIVERS GAUCHE, LISTE DIVERS GAUCHE)///GUYANE","AGEG: POUR UNE GUYANE FORTE, RECONCILIEE, EPANOUIE (TETE DE LISTE DIVERS GAUCHE, LISTE DIVERS GAUCHE)",GUYANE,DVG,BERTHELOT,1532,0,0,0,0,0,0,0,0,0,0,0,0,0,0,1,0,0,1,0,0,0,0,0,0,0,0,0,0,0,0,0,0,1,0,0,0,0
"AGIR VRAIMENT AVEC CHRISTOPHE BECHU (TETE DE LISTE UMP, LISTE UMP, NOUVEAU CENTRE, MOUVEMENT POUR LA FRANCE)///PAYS DE LA LOIRE","AGIR VRAIMENT AVEC CHRISTOPHE BECHU (TETE DE LISTE UMP, LISTE UMP, NOUVEAU CENTRE, MOUVEMENT POUR LA FRANCE)",PAYS DE LA LOIRE,UMP,BECHU,386465,0,0,0,0,0,1,0,0,0,0,0,0,0,0,0,1,0,0,0,0,0,0,0,1,0,0,0,0,0,0,0,0,1,0,1,0,0
ALLIANCE DEMOCRATE ET ECOLOGISTE AU CENTRE AVEC FRANCOIS BAYROU (MODEM)///PROVENCE-ALPES-COTE D'AZUR,ALLIANCE DEMOCRATE ET ECOLOGISTE AU CENTRE AVEC FRANCOIS BAYROU (MODEM),PROVENCE-ALPES-COTE D'AZUR,MODEM,LEVRAUD,35473,0,0,0,1,0,1,0,0,0,0,0,1,0,0,0,0,0,0,0,0,0,0,0,0,0,0,0,0,0,0,0,0,0,0,0,0,0
"ALLIANCE ECOLOGISTE INDEPENDANTE - GENERATION LANGUEDOC-ROUSSILLON (TETE DE LISTE ECOLOGISTE, LISTE ECOLOGISTES INDEPENDANTS ET GENERATION ECOLOGIE)///LANGUEDOC-ROUSSILLON","ALLIANCE ECOLOGISTE INDEPENDANTE - GENERATION LANGUEDOC-ROUSSILLON (TETE DE LISTE ECOLOGISTE, LISTE ECOLOGISTES INDEPENDANTS ET GENERATION ECOLOGIE)",LANGUEDOC-ROUSSILLON,ECO,DREVET,34440,0,0,0,1,0,0,0,0,0,0,0,1,0,0,0,0,0,0,1,0,0,0,0,0,0,0,0,0,0,0,0,0,1,0,0,0,0
ALLIANCE ECOLOGISTE INDEPENDANTE AQUITAINE///AQUITAINE,ALLIANCE ECOLOGISTE INDEPENDANTE AQUITAINE,AQUITAINE,ECO,CHRETIEN,20289,0,0,0,1,0,0,0,0,0,0,0,1,0,0,0,0,0,0,1,0,0,0,0,0,0,0,0,0,0,0,0,0,0,0,0,0,0
"ALLIANCE ECOLOGISTE INDEPENDANTE BOURGOGNE (TETE DE LISTE ECOLOGISTE, LISTE DIVERS ECOLOGISTES)///BOURGOGNE","ALLIANCE ECOLOGISTE INDEPENDANTE BOURGOGNE (TETE DE LISTE ECOLOGISTE, LISTE DIVERS ECOLOGISTES)",BOURGOGNE,ECO,GONZALEZ,9454,0,0,0,1,0,0,0,0,0,0,0,1,0,0,0,0,0,0,1,0,0,0,0,0,0,0,0,0,0,0,0,0,1,0,0,0,0
"ALLIANCE ECOLOGISTE INDEPENDANTE CHAMPAGNE-ARDENNE (TETE DE LISTE ECOLOGISTE, LISTE DIVERS ECOLOGISTES)///CHAMPAGNE-ARDENNE","ALLIANCE ECOLOGISTE INDEPENDANTE CHAMPAGNE-ARDENNE (TETE DE LISTE ECOLOGISTE, LISTE DIVERS ECOLOGISTES)",CHAMPAGNE-ARDENNE,ECO,WYSOCINSKI,7529,0,0,0,1,0,0,0,0,0,0,0,1,0,0,0,0,0,0,1,0,0,0,0,0,0,0,0,0,0,0,0,0,1,0,0,0,0
"ALLIANCE ECOLOGISTE INDEPENDANTE DE LORRAINE (TETE DE LISTE ECOLOGISTE, LISTE DIVERS ECOLOGISTES)///LORRAINE","ALLIANCE ECOLOGISTE INDEPENDANTE DE LORRAINE (TETE DE LISTE ECOLOGISTE, LISTE DIVERS ECOLOGISTES)",LORRAINE,ECO,KAAS,15563,0,0,0,1,0,0,0,0,0,0,0,1,0,0,0,0,0,0,1,0,0,0,0,0,0,0,0,0,0,0,0,0,1,0,0,0,0
"ALLIANCE ECOLOGISTE INDEPENDANTE SOUTENUE PAR PATRICE DEVRET ET ANTOINE WAECHTER (TETE DE LISTE ECOLOGISTE, LISTE DIVERS ECOLOGISTES)///ILE-DE-FRANCE","ALLIANCE ECOLOGISTE INDEPENDANTE SOUTENUE PAR PATRICE DEVRET ET ANTOINE WAECHTER (TETE DE LISTE ECOLOGISTE, LISTE DIVERS ECOLOGISTES)",ILE-DE-FRANCE,ECO,GOVERNATORI,37667,0,0,0,1,0,0,0,0,0,0,0,1,0,0,0,0,0,0,1,0,0,0,0,0,0,0,0,0,0,0,0,1,1,0,0,0,0
"ALLIANCE ECOLOGISTE INDEPENDANTE-LIMOUSIN (TETE DE LISTE ECOLOGISTE, LISTE DIVERS ECOLOGISTES)///LIMOUSIN","ALLIANCE ECOLOGISTE INDEPENDANTE-LIMOUSIN (TETE DE LISTE ECOLOGISTE, LISTE DIVERS ECOLOGISTES)",LIMOUSIN,ECO,RANC,5681,0,0,0,1,0,0,0,0,0,0,0,1,0,0,0,0,0,0,1,0,0,0,0,0,0,0,0,0,0,0,0,0,1,0,0,0,0
ALLIANCE POUR LA NORMANDIE///HAUTE-NORMANDIE,ALLIANCE POUR LA NORMANDIE,HAUTE-NORMANDIE,DIV,FRAU,6487,0,0,0,1,0,0,0,0,0,0,0,0,0,0,0,0,0,0,0,0,0,0,0,0,0,0,0,0,0,0,0,0,0,0,0,0,0
"ANTICAPITALISTES! TOUT CHANGER, RIEN LACHER, LISE PRESENTEE PAR LE NOUVEAU PARTI ANTICAPITALISTE (NPA) ET SOUTENUE PAR OLIVIER BESANCENOT. (NOUVEAU PARTI ANTICAPITALISTE)///RHONE-ALPES","ANTICAPITALISTES! TOUT CHANGER, RIEN LACHER, LISE PRESENTEE PAR LE NOUVEAU PARTI ANTICAPITALISTE (NPA) ET SOUTENUE PAR OLIVIER BESANCENOT. (NOUVEAU PARTI ANTICAPITALISTE)",RHONE-ALPES,EXG,COMBET,40814,0,1,0,0,1,0,1,0,0,0,0,0,0,0,0,0,0,0,0,0,0,0,0,1,0,0,0,0,0,0,0,1,0,0,0,0,0
"AUJOURD'HUI ET DEMAIN, ENSEMBLE POUR RHONE-ALPES. (TETE DE LISTE UMP, LISTE UMP, NOUVEAU CENTRE, MOUVEMENT POUR LA FRANCE, CPNT)///RHONE-ALPES","AUJOURD'HUI ET DEMAIN, ENSEMBLE POUR RHONE-ALPES. (TETE DE LISTE UMP, LISTE UMP, NOUVEAU CENTRE, MOUVEMENT POUR LA FRANCE, CPNT)",RHONE-ALPES,UMP,GROSSETETE,450936,0,0,0,0,0,1,0,0,0,1,0,0,1,0,0,1,0,0,0,0,0,0,0,1,0,0,0,0,0,0,0,0,1,0,1,0,0
AUVERGNE DEMOCRATE ECOLOGIE (MODEM)///AUVERGNE,AUVERGNE DEMOCRATE ECOLOGIE (MODEM),AUVERGNE,MODEM,FANGET,21523,0,0,0,0,0,0,0,0,0,0,0,1,0,0,0,0,0,0,0,0,0,0,0,0,0,0,0,0,0,0,0,0,0,0,0,0,0
"AVEC DOMINIQUE BUSSEREAU POITOU-CHARENTES, C'EST VOUS ! (TETE DE LISTE UMP, LISTE UMP, NOUVEAU CENTRE)///POITOU-CHARENTES","AVEC DOMINIQUE BUSSEREAU POITOU-CHARENTES, C'EST VOUS ! (TETE DE LISTE UMP, LISTE UMP, NOUVEAU CENTRE)",POITOU-CHARENTES,UMP,BUSSEREAU,182044,0,1,0,0,0,1,0,0,0,0,0,0,0,0,0,0,0,0,0,0,0,0,0,1,0,0,0,0,0,0,0,0,1,0,1,0,0
"AVEC JEAN-PAUL BACHY, LA GAUCHE EN ACTION (TETE DE LISTE PS, LISTE PS, PC ET DIVERS GAUCHE)///CHAMPAGNE-ARDENNE","AVEC JEAN-PAUL BACHY, LA GAUCHE EN ACTION (TETE DE LISTE PS, LISTE PS, PC ET DIVERS GAUCHE)",CHAMPAGNE-ARDENNE,SOC-COM-autreG,BACHY,117593,0,0,1,0,0,0,0,0,0,0,0,0,0,0,0,0,0,1,0,0,0,0,0,0,0,0,1,0,1,0,0,0,1,0,0,0,0
"AVEC LA GAUCHE RASSEMBLEE POUR LA PICARDIE (TETE DE LISTE PS, LISTE PS, MOUVEMENT UNITAIRE PROGRESSISTE - EX PC)///PICARDIE","AVEC LA GAUCHE RASSEMBLEE POUR LA PICARDIE (TETE DE LISTE PS, LISTE PS, MOUVEMENT UNITAIRE PROGRESSISTE - EX PC)",PICARDIE,SOC-autreG,GEWERC,153042,0,0,0,0,0,0,0,0,0,0,0,0,0,0,0,0,0,1,0,0,0,0,0,0,0,0,1,1,1,1,0,0,1,0,0,0,0
AVENIR MEILLEUR POUR LA POPULATION DE LA REUNION DANS LA FRANCE ET L'EUROPE///REUNION,AVENIR MEILLEUR POUR LA POPULATION DE LA REUNION DANS LA FRANCE ET L'EUROPE,REUNION,DIV,RAMASSAMY,14014,0,0,0,0,0,0,0,0,0,0,0,0,0,1,0,1,0,0,0,0,0,0,0,0,0,0,0,0,0,0,0,0,0,0,0,1,0
BRETAGNE AU CENTRE///BRETAGNE,BRETAGNE AU CENTRE,BRETAGNE,MODEM,JONCOUR,58841,0,0,0,0,0,1,0,0,0,0,0,0,0,0,0,0,0,0,0,0,0,0,0,0,0,0,0,0,0,0,0,0,0,0,0,0,0
BRETAGNE LE PEN 2010 (FRONT NATIONAL)///BRETAGNE,BRETAGNE LE PEN 2010 (FRONT NATIONAL),BRETAGNE,FN,FELIX,67870,0,0,0,0,0,0,0,0,0,0,0,0,0,0,0,0,1,0,0,0,0,0,1,0,0,0,0,0,0,0,0,0,0,0,0,0,0
BRETAGNE PHARE DU NOUVEAU MONDE///BRETAGNE,BRETAGNE PHARE DU NOUVEAU MONDE,BRETAGNE,DIV,NOURY,9907,0,0,0,0,0,0,0,0,0,0,0,0,0,0,0,0,0,0,0,0,0,0,0,1,0,0,0,0,0,0,0,0,0,0,0,0,0
"BRIGITTE BAREGES OSONS MIDI-PYRENEES (TETE DE LISTE UMP, LISTE UMP, NOUVEAU CENTRE, MOUVEMENT POUR LA FRANCE, CPNT)///MIDI-PYRENEES","BRIGITTE BAREGES OSONS MIDI-PYRENEES (TETE DE LISTE UMP, LISTE UMP, NOUVEAU CENTRE, MOUVEMENT POUR LA FRANCE, CPNT)",MIDI-PYRENEES,UMP,BAREGES,220624,0,0,0,0,0,1,0,0,0,0,0,0,0,0,0,1,0,0,0,0,0,0,0,1,1,0,0,0,0,0,0,0,1,0,1,0,0
"CHANGER EN LANGUEDOC-ROUSSILLON (TETE DE LISTE UMP, LISTE UMP, NOUVEAU CENTRE)///LANGUEDOC-ROUSSILLON","CHANGER EN LANGUEDOC-ROUSSILLON (TETE DE LISTE UMP, LISTE UMP, NOUVEAU CENTRE)",LANGUEDOC-ROUSSILLON,UMP,COUDERC,174513,0,0,0,0,0,1,1,0,0,0,0,0,0,0,0,0,0,0,0,0,0,0,0,1,0,0,0,0,0,0,0,0,1,0,1,0,0
"CHANGER POUR MIEUX VIVRE EN ILE-DE-FRANCE (TETE DE LISTE UMP, LISTE UMP, NOUVEAU CENTRE, CNI)///ILE-DE-FRANCE","CHANGER POUR MIEUX VIVRE EN ILE-DE-FRANCE (TETE DE LISTE UMP, LISTE UMP, NOUVEAU CENTRE, CNI)",ILE-DE-FRANCE,UMP,PECRESSE,797265,0,0,0,0,0,1,1,0,0,0,0,0,0,0,0,1,0,0,0,0,0,0,0,1,0,0,0,0,0,0,0,0,1,0,1,0,0
"COLERE ET ESPOIR (TETE DE LISTE PC DISSIDENT, LISTE PC DISSIDENT, AUTRE GAUCHE)///PICARDIE","COLERE ET ESPOIR (TETE DE LISTE PC DISSIDENT, LISTE PC DISSIDENT, AUTRE GAUCHE)",PICARDIE,COM,GREMETZ,35643,0,0,0,0,0,0,0,0,0,0,0,0,0,0,0,0,0,1,0,0,0,0,0,0,0,0,1,0,0,0,0,0,1,0,0,0,0
"COMBAT OUVRIER (TETE DE LISTE EXTREME-GAUCHE, LISTE DIVERS EXTREME-GAUCHE)///GUADELOUPE","COMBAT OUVRIER (TETE DE LISTE EXTREME-GAUCHE, LISTE DIVERS EXTREME-GAUCHE)",GUADELOUPE,EXG,NOMERTIN,3911,0,0,0,0,0,0,0,0,0,0,0,0,0,0,0,0,0,1,0,0,0,0,0,0,0,0,0,0,0,0,0,0,1,0,0,0,1
"COMBAT OUVRIER (TETE DE LISTE PARTI DE GAUCHE, LISTE PARTI DE GAUCHE ET DIVERS GAUCHE)///MARTINIQUE","COMBAT OUVRIER (TETE DE LISTE PARTI DE GAUCHE, LISTE PARTI DE GAUCHE ET DIVERS GAUCHE)",MARTINIQUE,EXG,JOACHIM-ARNAUD,3507,0,0,0,0,0,0,0,0,0,0,0,0,0,0,0,0,0,1,0,0,0,0,0,0,0,0,0,0,0,0,0,0,1,0,0,0,0
CONSTRUISONS LA GUYANE///GUYANE,CONSTRUISONS LA GUYANE,GUYANE,DVG,PREVOT MADERE,2225,0,0,0,0,0,0,0,0,1,0,0,0,0,0,0,0,0,0,0,0,0,0,0,0,0,0,0,0,0,0,0,0,0,0,0,0,0
"CORSICA LIBERA (TETE DE LISTE REGIONALISTE, LISTE DIVERS REGIONALISTES)///CORSE","CORSICA LIBERA (TETE DE LISTE REGIONALISTE, LISTE DIVERS REGIONALISTES)",CORSE,DIV,TALAMONI,12236,0,0,0,0,0,0,0,0,0,0,0,0,0,0,0,0,0,0,0,0,0,0,0,0,0,0,0,0,0,0,0,0,1,0,0,0,0
"CROIRE EN NOUS MEME (TETE DE LISTE DIVERS GAUCHE, LISTE DIVERS GAUCHE, ASSOCIATIFS)///MARTINIQUE","CROIRE EN NOUS MEME (TETE DE LISTE DIVERS GAUCHE, LISTE DIVERS GAUCHE, ASSOCIATIFS)",MARTINIQUE,DVG,SAMOT,5131,0,0,0,0,0,0,0,0,0,0,0,0,0,0,0,0,0,1,0,0,0,0,0,0,0,0,0,0,0,0,0,0,1,0,0,0,0
"DANIEL POUNY.COM CONDUITE PAR DANIEL POUNY (TETE DE LISTE DIVERS, LISTE DIVERS)///REUNION","DANIEL POUNY.COM CONDUITE PAR DANIEL POUNY (TETE DE LISTE DIVERS, LISTE DIVERS)",REUNION,DIV,POUNY,223,0,0,0,0,0,0,0,1,0,0,0,0,0,0,0,0,0,0,0,0,0,0,0,0,0,0,0,0,0,0,0,0,1,0,0,0,0
DEBOUT LA LORRAINE///LORRAINE,DEBOUT LA LORRAINE,LORRAINE,DVD,ANDRE,14243,0,0,0,0,0,0,0,0,0,0,0,0,0,0,0,0,0,0,0,0,0,0,0,0,0,0,0,0,0,0,0,0,0,0,0,0,0
DEBOUT LA NORMANDIE///HAUTE-NORMANDIE,DEBOUT LA NORMANDIE,HAUTE-NORMANDIE,DVD,BRIERE,9726,0,0,0,0,0,0,0,0,0,0,0,0,0,0,0,0,0,0,0,0,0,0,0,0,0,0,0,0,0,0,0,0,0,0,0,0,0
DEMAIN LA CORSE FORZA CORSICA///CORSE,DEMAIN LA CORSE FORZA CORSICA,CORSE,DIV,BATTINI,599,0,0,0,0,0,0,0,0,0,1,0,0,0,0,0,0,0,0,0,0,0,0,0,0,0,0,0,0,0,0,0,0,0,0,0,0,0
"DEUX ANS : UN MARATHON POUR BATIR (TETE DE LISTE PARTI RADICAL DE GAUCHE, LISTE PRG, AUTRE GAUCHE)///GUYANE","DEUX ANS : UN MARATHON POUR BATIR (TETE DE LISTE PARTI RADICAL DE GAUCHE, LISTE PRG, AUTRE GAUCHE)",GUYANE,PRG,TAUBIRA,6916,0,0,0,0,0,0,0,0,0,0,0,0,0,0,0,0,0,1,0,0,0,0,0,0,0,0,0,0,0,0,0,0,1,0,0,0,0
"ECOLOGIE SOCIALE, SOLIDAIRE ET DECROISSANTE///ALSACE","ECOLOGIE SOCIALE, SOLIDAIRE ET DECROISSANTE",ALSACE,ECO,SANTIAGO,7978,0,0,0,0,0,0,0,0,0,0,0,1,0,0,0,0,0,0,0,0,0,0,0,0,0,0,0,0,0,0,1,0,0,0,0,0,0
"ECOLOGIE SOLIDAIRE EN FRANCHE-COMTE (TETE DE LISTE ECOLOGISTE, LISTE DIVERS ECOLOGISTES)///FRANCHE-COMTE","ECOLOGIE SOLIDAIRE EN FRANCHE-COMTE (TETE DE LISTE ECOLOGISTE, LISTE DIVERS ECOLOGISTES)",FRANCHE-COMTE,ECO,BUCHOT,4471,0,0,0,0,0,0,0,0,0,0,0,1,0,0,0,0,0,0,0,0,0,0,0,0,0,0,0,0,0,0,1,0,1,0,0,0,0
EMERGENCE///ILE-DE-FRANCE,EMERGENCE,ILE-DE-FRANCE,DIV,KANOUTE,10368,0,0,0,0,0,0,0,0,0,0,0,0,0,0,0,0,0,0,0,0,0,0,0,0,0,0,0,0,0,0,0,0,0,0,0,0,0
"ENSEMBLE POUR DES REGIONS A GAUCHE SOLIDAIRES, ECOLOGIQUES ET CITOYENNES, PRESENTEE PAR LE FRONT DE GAUCHE (PARTI COMMUNISTE FRANCAIS, PARTI DE GAUCHE, GAUCHE UNITAIRE), ET LES ALTERNATIFS, ALTERNATIVE CITOYENNE, LE MOUVEMENT POLITIQUE D'EDUCATION POPULA (TETE DE LISTE PC, LISTE PARTI DE GAUCHE, PC, GAUCHE UNITAIRE)///ILE-DE-FRANCE","ENSEMBLE POUR DES REGIONS A GAUCHE SOLIDAIRES, ECOLOGIQUES ET CITOYENNES, PRESENTEE PAR LE FRONT DE GAUCHE (PARTI COMMUNISTE FRANCAIS, PARTI DE GAUCHE, GAUCHE UNITAIRE), ET LES ALTERNATIFS, ALTERNATIVE CITOYENNE, LE MOUVEMENT POLITIQUE D'EDUCATION POPULA (TETE DE LISTE PC, LISTE PARTI DE GAUCHE, PC, GAUCHE UNITAIRE)",ILE-DE-FRANCE,COM,LAURENT,188085,0,0,0,0,0,0,0,0,0,0,0,0,1,0,0,0,1,1,0,0,0,0,0,0,0,0,1,0,0,0,1,0,1,0,0,0,0
"ENSEMBLE POUR DES REGIONS A GAUCHE, SOLIDAIRES, ECOLOGISTES ET CITOYENNES PRESENTEE PAR LE FRONT DE GAUCHE, PARTI COMMUNISTE, PARTI DE GAUCHE, GAUCHE UNITAIRE ET ALTERNATIFS, M'PEP, PCOF. (TETE DE LISTE PARTI DE GAUCHE, LISTE PARTI DE GAUCHE, PC, GAUCHE UNITAIRE)///RHONE-ALPES","ENSEMBLE POUR DES REGIONS A GAUCHE, SOLIDAIRES, ECOLOGISTES ET CITOYENNES PRESENTEE PAR LE FRONT DE GAUCHE, PARTI COMMUNISTE, PARTI DE GAUCHE, GAUCHE UNITAIRE ET ALTERNATIFS, M'PEP, PCOF. (TETE DE LISTE PARTI DE GAUCHE, LISTE PARTI DE GAUCHE, PC, GAUCHE UNITAIRE)",RHONE-ALPES,COM,MARTIN,107768,0,0,0,0,0,0,0,0,0,0,0,1,1,0,0,0,1,1,0,0,0,0,0,0,0,0,1,0,0,0,1,0,1,0,0,0,0
"ENSEMBLE POUR LA GUADELOUPE (TETE DE LISTE UMP, LISTE UMP, NOUVEAU CENTRE)///GUADELOUPE","ENSEMBLE POUR LA GUADELOUPE (TETE DE LISTE UMP, LISTE UMP, NOUVEAU CENTRE)",GUADELOUPE,UMP,ALDO,19405,0,0,0,0,0,1,0,0,0,0,0,0,1,0,0,0,0,0,0,0,0,0,0,1,0,0,0,0,0,0,0,0,1,0,1,0,0
"ENSEMBLE POUR UN POITOU-CHARENTES A GAUCHE, SOLIDAIRE, ECOLOGIQUE ET CITOYEN PRESENTEE PAR LE FRONT DE GAUCHE (PCF/PG/GU), REPUBLIQUE ET SOCIALISME ET M'PEP (TETE DE LISTE PARTI DE GAUCHE, LISTE PARTI DE GAUCHE, PC, DIVERS ECOLOGISTES)///POITOU-CHARENTES","ENSEMBLE POUR UN POITOU-CHARENTES A GAUCHE, SOLIDAIRE, ECOLOGIQUE ET CITOYEN PRESENTEE PAR LE FRONT DE GAUCHE (PCF/PG/GU), REPUBLIQUE ET SOCIALISME ET M'PEP (TETE DE LISTE PARTI DE GAUCHE, LISTE PARTI DE GAUCHE, PC, DIVERS ECOLOGISTES)",POITOU-CHARENTES,COM,JEAN,28803,0,0,0,0,0,0,0,0,0,0,0,1,1,0,0,0,1,1,0,0,0,0,0,0,0,0,1,0,0,0,1,0,1,0,0,0,0
"ENSEMBLE POUR UNE ALSACE A GAUCHE, SOLIDAIRE, ECOLOGIQUE ET CITOYENNE (TETE DE LISTE PC, LISTE PC, PARTI DE GAUCHE)///ALSACE","ENSEMBLE POUR UNE ALSACE A GAUCHE, SOLIDAIRE, ECOLOGIQUE ET CITOYENNE (TETE DE LISTE PC, LISTE PC, PARTI DE GAUCHE)",ALSACE,COM,CAUSER,9695,0,0,0,0,0,0,0,0,0,0,0,0,1,0,0,0,0,1,0,0,0,0,0,0,0,0,1,0,0,0,1,0,1,0,0,0,0
"ENSEMBLE POUR UNE BRETAGNE A GAUCHE SOLIDAIRE ECOLOGIQUE ET CITOYENNE (TETE DE LISTE PC, LISTE FRONT DE GAUCHE)///BRETAGNE","ENSEMBLE POUR UNE BRETAGNE A GAUCHE SOLIDAIRE ECOLOGIQUE ET CITOYENNE (TETE DE LISTE PC, LISTE FRONT DE GAUCHE)",BRETAGNE,COM,PERRON,37112,0,0,0,0,0,0,0,0,0,0,0,0,1,0,0,0,1,1,0,0,0,0,0,0,0,0,1,0,0,0,1,0,1,0,0,0,0
"ENSEMBLE POUR UNE MARTINIQUE NOUVELLE (TETE DE LISTE DIVERS GAUCHE, LISTE DIVERS GAUCHE, ASSOCIATIFS)///MARTINIQUE","ENSEMBLE POUR UNE MARTINIQUE NOUVELLE (TETE DE LISTE DIVERS GAUCHE, LISTE DIVERS GAUCHE, ASSOCIATIFS)",MARTINIQUE,DVG,LETCHIMY,51796,0,0,0,0,0,0,0,0,0,0,0,0,1,0,0,0,0,1,0,0,0,0,0,0,0,0,0,0,0,0,0,0,1,0,0,0,0
"ENSEMBLE POUR UNE PICARDIE A GAUCHE, SOLIDAIRE, ECOLOGIQUE ET CITOYENNE, LISTE PRESENTEE PAR LE FRONT DE GAUCHE (PARTI COMMUNISTE FRANCAIS, PARTI DE GAUCHE, GAUCHE UNITAIRE) ET DES ACTEURS DU MOUVEMENT SOCIAL ET CITOYEN (TETE DE LISTE PARTI DE GAUCHE, LISTE PC, PARTI DE GAUCHE ET DIVERS GAUCHE)///PICARDIE","ENSEMBLE POUR UNE PICARDIE A GAUCHE, SOLIDAIRE, ECOLOGIQUE ET CITOYENNE, LISTE PRESENTEE PAR LE FRONT DE GAUCHE (PARTI COMMUNISTE FRANCAIS, PARTI DE GAUCHE, GAUCHE UNITAIRE) ET DES ACTEURS DU MOUVEMENT SOCIAL ET CITOYEN (TETE DE LISTE PARTI DE GAUCHE, LISTE PC, PARTI DE GAUCHE ET DIVERS GAUCHE)",PICARDIE,COM,AURY,30721,0,0,0,0,0,0,0,0,0,0,0,0,1,0,0,0,1,1,0,0,0,0,0,0,0,0,1,0,0,0,1,0,1,0,0,0,0
"ENSEMBLE POUR UNE REGION A GAUCHE, SOLIDAIRE, ECOLOGIQUE ET CITOYENNE (TETE DE LISTE PARTI DE GAUCHE, LISTE PARTI DE GAUCHE, PC)///MIDI-PYRENEES","ENSEMBLE POUR UNE REGION A GAUCHE, SOLIDAIRE, ECOLOGIQUE ET CITOYENNE (TETE DE LISTE PARTI DE GAUCHE, LISTE PARTI DE GAUCHE, PC)",MIDI-PYRENEES,COM,PICQUET,70077,0,0,0,0,0,0,0,0,0,0,0,0,1,0,0,0,0,1,0,0,0,0,0,0,0,0,1,0,0,0,1,0,1,0,0,0,0
"ENSEMBLE POUR UNE REGION A GAUCHE, SOLIDAIRE, ECOLOGIQUE ET CITOYENNE PRESENTEE PAR LE FRONT DE GAUCHE. (TETE DE LISTE PC, LISTE PC, PARTI DE GAUCHE)///FRANCHE-COMTE","ENSEMBLE POUR UNE REGION A GAUCHE, SOLIDAIRE, ECOLOGIQUE ET CITOYENNE PRESENTEE PAR LE FRONT DE GAUCHE. (TETE DE LISTE PC, LISTE PC, PARTI DE GAUCHE)",FRANCHE-COMTE,COM,TERNANT,16171,0,0,0,0,0,0,0,0,0,0,0,0,1,0,0,0,1,1,0,0,0,0,0,0,0,0,1,0,0,0,1,0,1,0,0,0,0
"ENSEMBLE, DESSINONS LA BRETAGNE - LISTE DE LA MAJORITE PRESIDENTIELLE (TETE DE LISTE UMP, LISTE UMP, NOUVEAU CENTRE)///BRETAGNE","ENSEMBLE, DESSINONS LA BRETAGNE - LISTE DE LA MAJORITE PRESIDENTIELLE (TETE DE LISTE UMP, LISTE UMP, NOUVEAU CENTRE)",BRETAGNE,UMP,MALGORN,260645,0,0,0,0,0,1,0,0,0,0,0,0,1,0,0,0,0,0,0,0,0,0,0,1,0,0,0,0,0,0,0,0,1,0,1,0,0
"ENSEMBLE, L'AQUITAINE AVANCE (TETE DE LISTE PS, LISTE PS, DIVERS GAUCHE)///AQUITAINE","ENSEMBLE, L'AQUITAINE AVANCE (TETE DE LISTE PS, LISTE PS, DIVERS GAUCHE)",AQUITAINE,SOC,ROUSSET,406871,0,0,0,0,0,0,0,0,0,0,0,0,1,0,0,0,0,1,0,0,0,0,0,0,0,0,0,0,1,0,0,0,1,0,0,0,0
"ENVIE DE PICARDIE (TETE DE LISTE UMP, LISTE UMP, NOUVEAU CENTRE, MOUVEMENT POUR LA FRANCE, CPNT)///PICARDIE","ENVIE DE PICARDIE (TETE DE LISTE UMP, LISTE UMP, NOUVEAU CENTRE, MOUVEMENT POUR LA FRANCE, CPNT)",PICARDIE,UMP,CAYEUX,149005,0,0,0,0,0,1,0,0,0,0,0,0,0,0,0,1,0,0,0,0,0,0,0,1,0,0,0,0,0,0,0,0,1,0,1,0,0
EUROPE ECOLOGIE - HAUTE-NORMANDIE///HAUTE-NORMANDIE,EUROPE ECOLOGIE - HAUTE-NORMANDIE,HAUTE-NORMANDIE,ECO,TALEB,52164,0,0,0,0,0,0,0,0,0,0,0,1,0,1,0,0,0,0,0,0,0,0,0,0,0,0,0,0,0,0,0,0,0,0,0,0,0
"EUROPE ECOLOGIE ALSACE, LISTE DE RASSEMBLEMENT DES ECOLOGISTES SOUTENUE PAR LES VERTS, REGIONS ET PEUPLES SOLIDAIRES ET LE MOUVEMENT ECOLOGISTE INDEPENDANT///ALSACE","EUROPE ECOLOGIE ALSACE, LISTE DE RASSEMBLEMENT DES ECOLOGISTES SOUTENUE PAR LES VERTS, REGIONS ET PEUPLES SOLIDAIRES ET LE MOUVEMENT ECOLOGISTE INDEPENDANT",ALSACE,ECO,FERNIQUE,81116,0,0,0,0,0,0,0,0,0,0,0,1,0,1,0,0,0,0,1,0,0,0,0,0,0,0,0,0,0,1,1,1,0,0,0,0,0
EUROPE ECOLOGIE BASSE-NORMANDIE///BASSE-NORMANDIE,EUROPE ECOLOGIE BASSE-NORMANDIE,BASSE-NORMANDIE,ECO,DUFOUR,57879,0,0,0,0,0,0,0,0,0,0,0,1,0,1,0,0,0,0,0,0,0,0,0,0,0,0,0,0,0,0,0,0,0,0,0,0,0
"EUROPE ECOLOGIE BOURGOGNE, AVEC DANY COHN-BENDIT, EVA JOLY, JOSE BOVE///BOURGOGNE","EUROPE ECOLOGIE BOURGOGNE, AVEC DANY COHN-BENDIT, EVA JOLY, JOSE BOVE",BOURGOGNE,ECO,HERVIEU,50757,0,0,0,0,0,0,0,0,0,0,0,1,0,1,0,0,0,0,0,0,0,0,0,0,0,0,0,0,0,0,0,0,0,0,0,0,0
EUROPE ECOLOGIE BRETAGNE///BRETAGNE,EUROPE ECOLOGIE BRETAGNE,BRETAGNE,ECO,HASCOET,134112,0,0,0,0,0,0,0,0,0,0,0,1,0,1,0,0,0,0,0,0,0,0,0,0,0,0,0,0,0,0,0,0,0,0,0,0,0
"EUROPE ECOLOGIE CHAMPAGNE-ARDENNE AVEC DANIEL COHN-BENDIT, EVA JOLY, JOSE BOVE///CHAMPAGNE-ARDENNE","EUROPE ECOLOGIE CHAMPAGNE-ARDENNE AVEC DANIEL COHN-BENDIT, EVA JOLY, JOSE BOVE",CHAMPAGNE-ARDENNE,ECO,LOISELET,32161,0,0,0,0,0,0,0,0,0,0,0,1,0,1,0,0,0,0,0,0,0,0,0,0,0,0,0,0,0,0,0,0,0,0,0,0,0
EUROPE ECOLOGIE FRANCHE-COMTE///FRANCHE-COMTE,EUROPE ECOLOGIE FRANCHE-COMTE,FRANCHE-COMTE,ECO,FOUSSERET,37333,0,0,0,0,0,0,0,0,0,0,0,1,0,1,0,0,0,0,0,0,0,0,0,0,0,0,0,0,0,0,0,0,0,0,0,0,0
EUROPE ECOLOGIE LA REUNION CONDUITE PAR M. VINCENT DEFAUD///REUNION,EUROPE ECOLOGIE LA REUNION CONDUITE PAR M. VINCENT DEFAUD,REUNION,ECO,DEFAUD,11685,0,0,0,0,0,0,0,1,0,0,0,1,0,1,0,0,0,0,0,0,0,0,0,0,0,0,0,0,0,0,0,0,0,0,0,1,0
EUROPE ECOLOGIE LANGUEDOC ROUSSILLON AVEC DANIEL COHN-BENDIT EVA JOLY JOSE BOVE///LANGUEDOC-ROUSSILLON,EUROPE ECOLOGIE LANGUEDOC ROUSSILLON AVEC DANIEL COHN-BENDIT EVA JOLY JOSE BOVE,LANGUEDOC-ROUSSILLON,ECO,ROUMEGAS,81119,0,0,0,0,0,0,0,0,0,0,0,1,0,1,0,0,0,0,0,0,0,0,0,0,0,0,0,0,0,0,0,0,0,0,0,0,0
"EUROPE ECOLOGIE LORRAINE, UNE ENERGIE NOUVELLE POUR LA LORRAINE///LORRAINE","EUROPE ECOLOGIE LORRAINE, UNE ENERGIE NOUVELLE POUR LA LORRAINE",LORRAINE,ECO,BEGUIN,60559,0,0,0,0,0,0,0,0,0,0,0,1,0,1,0,0,0,0,0,0,0,0,0,0,0,0,0,0,0,0,0,0,0,0,0,0,0
"EUROPE ECOLOGIE MIDI-PYRENEES LISTE PRESENTEE PAR EUROPE ECOLOGIE, LES VERTS, LE PARTIT OCCITAN, LE MOUVEMENT ECOLOGISTE INDEPENDANT SOUTENUE PAR JOSE BOVE, EVA JOLY, DANY COHN-BENDIT, CECILE DUFLOT///MIDI-PYRENEES","EUROPE ECOLOGIE MIDI-PYRENEES LISTE PRESENTEE PAR EUROPE ECOLOGIE, LES VERTS, LE PARTIT OCCITAN, LE MOUVEMENT ECOLOGISTE INDEPENDANT SOUTENUE PAR JOSE BOVE, EVA JOLY, DANY COHN-BENDIT, CECILE DUFLOT",MIDI-PYRENEES,ECO,ONESTA,136543,0,0,0,0,0,0,0,0,0,0,0,1,0,1,0,0,0,0,1,0,0,0,0,0,0,0,0,0,0,0,0,1,0,0,0,0,0
"EUROPE ECOLOGIE NORD PAS DE CALAIS AVEC LE SOUTIEN DES VERTS, DU MOUVEMENT ECOLOGISTE INDEPENDANT ET DU RASSEMBLEMENT CITOYEN///NORD-PAS-DE-CALAIS","EUROPE ECOLOGIE NORD PAS DE CALAIS AVEC LE SOUTIEN DES VERTS, DU MOUVEMENT ECOLOGISTE INDEPENDANT ET DU RASSEMBLEMENT CITOYEN",NORD-PAS-DE-CALAIS,ECO,CARON,124153,0,0,0,0,0,0,0,0,0,0,0,1,0,1,0,0,0,0,1,0,0,0,0,0,0,0,0,0,0,1,0,0,0,0,0,0,0
EUROPE ECOLOGIE PAYS DE LA LOIRE///PAYS DE LA LOIRE,EUROPE ECOLOGIE PAYS DE LA LOIRE,PAYS DE LA LOIRE,ECO,MAGNEN,160830,0,0,0,0,0,0,0,0,0,0,0,1,0,1,0,0,0,0,0,0,0,0,0,0,0,0,0,0,0,0,0,0,0,0,0,0,0
EUROPE ECOLOGIE PICARDIE///PICARDIE,EUROPE ECOLOGIE PICARDIE,PICARDIE,ECO,PORQUIER,57343,0,0,0,0,0,0,0,0,0,0,0,1,0,1,0,0,0,0,0,0,0,0,0,0,0,0,0,0,0,0,0,0,0,0,0,0,0
EUROPE ECOLOGIE POITOU-CHARENTES///POITOU-CHARENTES,EUROPE ECOLOGIE POITOU-CHARENTES,POITOU-CHARENTES,ECO,COUTANT,73650,0,0,0,0,0,0,0,0,0,0,0,1,0,1,0,0,0,0,0,0,0,0,0,0,0,0,0,0,0,0,0,0,0,0,0,0,0
EUROPE ECOLOGIE PROVENCE ALPES COTE D'AZUR///PROVENCE-ALPES-COTE D'AZUR,EUROPE ECOLOGIE PROVENCE ALPES COTE D'AZUR,PROVENCE-ALPES-COTE D'AZUR,ECO,VICHNIEVSKY,159425,0,0,0,0,0,0,0,0,0,0,0,1,0,1,0,0,0,0,0,0,0,0,0,0,0,0,0,0,0,0,0,0,0,0,0,0,0
"EUROPE ECOLOGIE REGION AQUITAINE AVEC DANIEL COHN-BENDIT, EVA JOLY, JOSE BOVE ET CECILE DUFLOT (EUROPE ECOLOGIE)///AQUITAINE","EUROPE ECOLOGIE REGION AQUITAINE AVEC DANIEL COHN-BENDIT, EVA JOLY, JOSE BOVE ET CECILE DUFLOT (EUROPE ECOLOGIE)",AQUITAINE,ECO,DE MARCO,102210,0,0,0,0,0,0,0,0,0,0,0,1,0,1,0,0,0,0,0,0,0,0,0,0,0,0,0,0,0,0,0,0,0,0,0,0,0
EUROPE ECOLOGIE REGION CENTRE///CENTRE,EUROPE ECOLOGIE REGION CENTRE,CENTRE,ECO,DELAVERGNE,91389,0,0,0,0,0,1,0,0,0,0,0,1,0,1,0,0,0,0,0,0,0,0,0,0,0,0,0,0,0,0,0,0,0,0,0,0,0
"EUROPE ECOLOGIE REGION ILE-DE-FRANCE, AVEC DANIEL COHN-BENDIT, EVA JOLY///ILE-DE-FRANCE","EUROPE ECOLOGIE REGION ILE-DE-FRANCE, AVEC DANIEL COHN-BENDIT, EVA JOLY",ILE-DE-FRANCE,ECO,DUFLOT,474486,0,0,0,0,0,0,0,0,0,0,0,1,0,1,0,1,0,0,0,0,0,0,0,0,0,0,0,0,0,0,0,0,0,0,0,0,0
EUROPE ECOLOGIE REGION LIMOUSIN///LIMOUSIN,EUROPE ECOLOGIE REGION LIMOUSIN,LIMOUSIN,ECO,JEANNOT PAGES,27178,0,0,0,0,0,0,0,0,0,0,0,1,0,1,0,0,0,0,0,0,0,0,0,0,0,0,0,0,0,0,0,0,0,0,0,0,0
EUROPE ECOLOGIE RHONE-ALPES AUTREMENT ET MAINTENANT///RHONE-ALPES,EUROPE ECOLOGIE RHONE-ALPES AUTREMENT ET MAINTENANT,RHONE-ALPES,ECO,MEIRIEU,304613,0,0,0,0,0,0,0,0,0,0,0,1,0,1,0,0,0,0,0,0,0,0,0,0,0,0,0,0,0,0,0,0,0,0,0,0,0
EUROPE-ECOLOGIE AUVERGNE///AUVERGNE,EUROPE-ECOLOGIE AUVERGNE,AUVERGNE,ECO,BOUCHARDY,51092,0,0,0,0,0,0,0,0,0,0,0,1,0,1,0,0,0,0,0,0,0,0,0,0,0,0,0,0,0,0,0,0,0,0,0,0,0
EUSKADI EUROPAN (LISTE REGIONALISTE)///AQUITAINE,EUSKADI EUROPAN (LISTE REGIONALISTE),AQUITAINE,DIV,TELLECHEA,7068,0,0,0,0,0,0,0,0,0,0,0,0,0,0,0,0,0,0,0,0,0,0,0,0,0,0,0,0,0,0,0,0,0,0,0,0,0
EUSKAL HERRI BAI (TETE DE LISTE REGIONALISTE ET DIVERS GAUCHE)///AQUITAINE,EUSKAL HERRI BAI (TETE DE LISTE REGIONALISTE ET DIVERS GAUCHE),AQUITAINE,DIV,LARRALDE,216,0,0,0,0,0,0,0,0,0,0,0,0,0,0,0,0,0,1,0,0,0,0,0,0,0,0,0,0,0,0,0,0,1,0,0,0,0
FN FIAMMA CORSA (FRONT NATIONAL)///CORSE,FN FIAMMA CORSA (FRONT NATIONAL),CORSE,FN,CARDI,5438,0,0,0,0,0,0,0,0,0,0,0,0,0,0,0,0,1,0,0,0,0,0,1,0,0,0,0,0,0,0,0,0,0,0,0,0,0
FORCE PICARDE RASSEMBLEMENT CENTRISTE ET ECOLOGISTE LISTE SOUTENUE PAR FRANCOIS BAYROU (MODEM)///PICARDIE,FORCE PICARDE RASSEMBLEMENT CENTRISTE ET ECOLOGISTE LISTE SOUTENUE PAR FRANCOIS BAYROU (MODEM),PICARDIE,MODEM,MATHIEU,21486,0,0,0,0,0,0,0,0,0,0,0,1,0,0,1,0,0,0,0,0,0,0,0,0,0,0,0,0,0,1,0,1,0,0,0,0,0
FORCES AQUITAINE (MODEM)///AQUITAINE,FORCES AQUITAINE (MODEM),AQUITAINE,MODEM,LASSALLE,112737,0,0,0,0,0,0,0,0,0,0,0,0,0,0,1,0,0,0,0,0,0,0,0,0,0,0,0,0,0,0,0,0,0,0,0,0,0
FORCES DEMOCRATIQUES DE GUYANE CONSTRUISONS LE PROGRES///GUYANE,FORCES DEMOCRATIQUES DE GUYANE CONSTRUISONS LE PROGRES,GUYANE,DVG,HORTH,1443,0,0,0,0,0,0,0,0,1,0,0,0,0,0,1,0,0,0,0,0,0,0,0,0,0,0,0,1,0,0,0,0,0,0,0,0,0
"FRONT DE GAUCHE - ENSEMBLE POUR UNE AQUITAINE A GAUCHE, SOLIDAIRE, ECOLOGIQUE ET CITOYENNE (TETE DE LISTE PARTI DE GAUCHE, LISTE PC, PARTI DE GAUCHE)///AQUITAINE","FRONT DE GAUCHE - ENSEMBLE POUR UNE AQUITAINE A GAUCHE, SOLIDAIRE, ECOLOGIQUE ET CITOYENNE (TETE DE LISTE PARTI DE GAUCHE, LISTE PC, PARTI DE GAUCHE)",AQUITAINE,COM,BOULANGER,64370,0,0,0,0,0,0,0,0,0,0,0,0,1,0,0,0,1,1,0,0,0,0,0,0,0,0,1,0,0,0,1,0,1,0,0,0,0
"FRONT DE GAUCHE : ENSEMBLE POUR UNE REGION A GAUCHE, SOLIDAIRE, ECOLOGIQUE ET CITOYENNE (TETE DE LISTE PC, LISTE FRONT DE GAUCHE, DIVERS ECOLOGISTES)///CENTRE","FRONT DE GAUCHE : ENSEMBLE POUR UNE REGION A GAUCHE, SOLIDAIRE, ECOLOGIQUE ET CITOYENNE (TETE DE LISTE PC, LISTE FRONT DE GAUCHE, DIVERS ECOLOGISTES)",CENTRE,COM,BEAUFILS,59050,0,0,0,0,0,0,0,0,0,0,0,1,1,0,0,0,1,1,0,0,0,0,0,0,0,0,1,0,0,0,1,0,1,0,0,0,0
"FRONT DE GAUCHE POUR CHANGER EN CORSE (TETE DE LISTE PC, LISTE PC, PARTI DE GAUCHE, DIVERS EXTREME GAUCHE)///CORSE","FRONT DE GAUCHE POUR CHANGER EN CORSE (TETE DE LISTE PC, LISTE PC, PARTI DE GAUCHE, DIVERS EXTREME GAUCHE)",CORSE,COM,BUCCHINI,13108,0,0,0,0,0,0,1,0,0,0,0,0,0,0,0,0,1,1,0,0,0,0,0,0,0,0,1,0,0,0,0,0,1,0,0,0,1
"FRONT DE GAUCHE, ENSEMBLE (TETE DE LISTE PC, LISTE PC, PARTI DE GAUCHE)///PROVENCE-ALPES-COTE D'AZUR","FRONT DE GAUCHE, ENSEMBLE (TETE DE LISTE PC, LISTE PC, PARTI DE GAUCHE)",PROVENCE-ALPES-COTE D'AZUR,COM,COPPOLA,89256,0,0,0,0,0,0,0,0,0,0,0,0,1,0,0,0,1,1,0,0,0,0,0,0,0,0,1,0,0,0,0,0,1,0,0,0,0
FRONT LORRAIN DE GAUCHE///LORRAINE,FRONT LORRAIN DE GAUCHE,LORRAINE,DVG,LECLERCQ,19093,0,0,0,0,0,0,0,0,0,0,0,0,0,0,0,0,1,1,0,0,0,0,0,0,0,0,0,0,0,0,0,0,0,0,0,0,0
FRONT NATIONAL - LES FRANCAIS D'ABORD///CENTRE,FRONT NATIONAL - LES FRANCAIS D'ABORD,CENTRE,FN,LOISEAU,87864,0,0,0,0,0,0,0,0,0,0,0,0,0,0,0,0,1,0,0,0,0,0,1,0,0,0,0,0,0,0,0,0,0,0,0,0,0
FRONT NATIONAL DEFENDONS NOS COULEURS EN AQUITAINE AVEC JACQUES COLOMBIER///AQUITAINE,FRONT NATIONAL DEFENDONS NOS COULEURS EN AQUITAINE AVEC JACQUES COLOMBIER,AQUITAINE,FN,COLOMBIER,89378,0,0,0,0,0,0,0,0,0,0,0,0,0,0,0,0,1,0,0,0,0,0,1,0,0,0,0,0,0,0,0,0,0,0,0,0,0
FRONT NATIONAL LES FRANCAIS D'ABORD///BOURGOGNE,FRONT NATIONAL LES FRANCAIS D'ABORD,BOURGOGNE,FN,FERRAND,62147,0,0,0,0,0,0,0,0,0,0,0,0,0,0,0,0,1,0,0,0,0,0,1,0,0,0,0,0,0,0,0,0,0,0,0,0,0
FRONT NATIONAL LES FRANCAIS D'ABORD///POITOU-CHARENTES,FRONT NATIONAL LES FRANCAIS D'ABORD,POITOU-CHARENTES,FN,DE LACOSTE LAREYMONDIE,47736,0,0,0,0,0,0,0,0,0,0,0,0,0,0,0,0,1,0,0,0,0,0,1,0,0,0,0,0,0,0,0,0,0,0,0,0,0
FRONT NATIONAL PAYS DE LA LOIRE///PAYS DE LA LOIRE,FRONT NATIONAL PAYS DE LA LOIRE,PAYS DE LA LOIRE,FN,NEVEUX,81072,0,0,0,0,0,0,0,0,0,0,0,0,0,0,0,0,1,0,0,0,0,0,1,0,0,0,0,0,0,0,0,0,0,0,0,0,0
FRONT NATIONAL POUR L'AUVERGNE !///AUVERGNE,FRONT NATIONAL POUR L'AUVERGNE !,AUVERGNE,FN,FAUROT,40098,0,1,0,0,0,0,0,0,0,0,0,0,0,0,0,0,1,0,0,0,0,0,1,0,0,0,0,0,0,0,0,0,0,0,0,0,0
"FRONT NATIONAL POUR LA FRANCHE-COMTE, LES FRANCAIS D'ABORD !///FRANCHE-COMTE","FRONT NATIONAL POUR LA FRANCHE-COMTE, LES FRANCAIS D'ABORD !",FRANCHE-COMTE,FN,MONTEL,52440,0,1,0,0,0,0,0,0,0,0,0,0,0,0,0,0,1,0,0,0,0,0,1,0,0,0,0,0,0,0,0,0,0,0,0,0,0
FRONT NATIONAL POUR LE LANGUEDOC-ROUSSILLON LISTE PRESENTEE PAR JEAN-MARIE LE PEN///LANGUEDOC-ROUSSILLON,FRONT NATIONAL POUR LE LANGUEDOC-ROUSSILLON LISTE PRESENTEE PAR JEAN-MARIE LE PEN,LANGUEDOC-ROUSSILLON,FN,JAMET,112652,0,0,0,0,0,0,0,0,0,0,0,0,0,0,0,0,1,0,0,0,0,0,1,0,0,0,0,0,0,0,0,0,0,0,0,0,0
FRONT NATIONAL POUR LE LIMOUSIN///LIMOUSIN,FRONT NATIONAL POUR LE LIMOUSIN,LIMOUSIN,FN,DACCORD-GAUTHIER,21648,0,0,0,0,0,0,0,0,0,0,0,0,0,0,0,0,1,0,0,0,0,0,1,0,0,0,0,0,0,0,0,0,0,0,0,0,0
FRONT NATIONAL POUR RHONE-ALPES ET NOS PROVINCES///RHONE-ALPES,FRONT NATIONAL POUR RHONE-ALPES ET NOS PROVINCES,RHONE-ALPES,FN,GOLLNISCH,239330,0,0,0,0,0,0,0,0,0,0,0,0,0,0,0,0,1,0,0,0,0,0,1,0,0,0,0,0,0,0,0,0,0,0,0,0,0
"GUADELOUPE DEMAIN (TETE DE LISTE DIVERS GAUCHE, LISTE DIVERS GAUCHE ET MOUVEMENTS ASSOCIATIFS)///GUADELOUPE","GUADELOUPE DEMAIN (TETE DE LISTE DIVERS GAUCHE, LISTE DIVERS GAUCHE ET MOUVEMENTS ASSOCIATIFS)",GUADELOUPE,DVG,LESUEUR,1377,0,0,0,0,0,0,0,0,0,1,0,0,0,0,0,0,0,1,0,0,0,0,0,0,0,0,0,0,0,0,0,0,1,0,0,0,0
"GUYANE 73 (TETE DE LISTE UMP, LISTE UMP, NOUVEAU CENTRE)///GUYANE","GUYANE 73 (TETE DE LISTE UMP, LISTE UMP, NOUVEAU CENTRE)",GUYANE,UMP,ALEXANDRE,12201,0,0,0,0,0,1,0,0,0,0,0,0,0,0,0,0,0,0,0,0,0,0,0,1,0,0,0,0,0,0,0,0,1,0,1,0,0
"GUYANE ECOLOGIE (TETE DE LISTE ECOLOGISTE, LISTE DIVERS ECOLOGISTES)///GUYANE","GUYANE ECOLOGIE (TETE DE LISTE ECOLOGISTE, LISTE DIVERS ECOLOGISTES)",GUYANE,ECO,GAILLOU,1582,0,0,0,0,0,0,0,0,0,0,0,1,0,0,0,0,0,0,0,0,0,0,0,0,0,0,0,0,0,0,0,0,1,0,0,0,0
GUYANE ESPERANCE///GUYANE,GUYANE ESPERANCE,GUYANE,DIV,FOSSE,725,0,0,0,0,0,0,0,0,0,0,0,0,0,0,0,0,0,0,0,0,0,0,0,0,0,0,0,0,0,0,0,0,0,0,0,0,0
"HAUTE NORMANDIE DEMOCRATE, LISTE SOUTENUE PAR FRANCOIS BAYROU (MODEM)///HAUTE-NORMANDIE","HAUTE NORMANDIE DEMOCRATE, LISTE SOUTENUE PAR FRANCOIS BAYROU (MODEM)",HAUTE-NORMANDIE,MODEM,JEANNE,16460,0,0,0,0,0,0,0,0,0,0,0,0,0,0,0,0,0,0,0,0,0,0,0,0,0,0,0,0,0,0,0,1,0,0,0,0,0
"HERVE NOVELLI: IL FAUT CHANGER POUR MIEUX VIVRE EN REGION CENTRE (TETE DE LISTE UMP, LISTE UMP, NOUVEAU CENTRE)///CENTRE","HERVE NOVELLI: IL FAUT CHANGER POUR MIEUX VIVRE EN REGION CENTRE (TETE DE LISTE UMP, LISTE UMP, NOUVEAU CENTRE)",CENTRE,UMP,NOVELLI,227408,0,0,0,0,0,1,1,0,0,0,0,0,0,0,0,0,0,0,0,0,0,0,0,1,0,0,0,0,0,0,0,0,1,0,1,0,0
"JACQUES BOMPARD, LIGUE DU SUD, IDENTITE, SECURITE, EFFICACITE, LOCALISME (TETE DE LISTE FRONT NATIONAL DISSIDENT, LISTE DIVERS EXTREME DROITE)///PROVENCE-ALPES-COTE D'AZUR","JACQUES BOMPARD, LIGUE DU SUD, IDENTITE, SECURITE, EFFICACITE, LOCALISME (TETE DE LISTE FRONT NATIONAL DISSIDENT, LISTE DIVERS EXTREME DROITE)",PROVENCE-ALPES-COTE D'AZUR,EXD,BOMPARD,38669,0,0,0,0,0,0,0,0,0,0,1,0,0,0,0,0,1,0,0,0,0,0,1,0,0,0,0,0,0,0,0,0,1,0,0,0,1
JEAN TOMA (MODEM)///CORSE,JEAN TOMA (MODEM),CORSE,MODEM,TOMA,5554,0,0,0,0,0,0,0,0,0,0,0,0,0,0,0,0,0,0,0,0,0,0,0,0,0,0,0,0,0,0,0,0,0,0,0,0,0
"L'AMBITION PARTAGEE, LISTE CONDUITE PAR PASCAL MONIER ET SOUTENUE PAR FRANCOIS BAYROU (MODEM)///POITOU-CHARENTES","L'AMBITION PARTAGEE, LISTE CONDUITE PAR PASCAL MONIER ET SOUTENUE PAR FRANCOIS BAYROU (MODEM)",POITOU-CHARENTES,MODEM,MONIER,26985,0,0,0,0,0,0,0,1,0,0,0,0,0,0,0,0,0,0,0,0,0,0,0,0,0,0,0,0,0,0,0,1,0,0,0,0,0
"L'AUTRE GAUCHE EN BOURGOGNE SOUTENUE PAR LE NPA, LE PG, LA FASE ET COMMUNISTES DE BOURGOGNE (TETE DE LISTE NOUVEAU PARTI ANTICAPITALISTE, LISTE NPA, PARTI DE GAUCHE ET PC)///BOURGOGNE","L'AUTRE GAUCHE EN BOURGOGNE SOUTENUE PAR LE NPA, LE PG, LA FASE ET COMMUNISTES DE BOURGOGNE (TETE DE LISTE NOUVEAU PARTI ANTICAPITALISTE, LISTE NPA, PARTI DE GAUCHE ET PC)",BOURGOGNE,EXG,FAYE-PASTOR,22290,0,0,0,0,1,0,0,0,0,0,0,0,0,0,0,0,0,1,0,0,0,0,0,1,0,0,1,0,0,0,0,1,1,0,0,0,0
"L'AUVERGNE JUSTE ET SOLIDAIRE (TETE DE LISTE PS, LISTE PS, DIVERS GAUCHE)///AUVERGNE","L'AUVERGNE JUSTE ET SOLIDAIRE (TETE DE LISTE PS, LISTE PS, DIVERS GAUCHE)",AUVERGNE,SOC,SOUCHON,133923,0,0,0,0,0,0,0,0,0,0,0,0,0,0,0,0,0,1,0,1,0,0,0,0,0,0,0,0,1,0,1,0,1,0,0,0,0
"L'HUMAIN AVANT TOUT (TETE DE LISTE PC, LISTE PC, PARTI DE GAUCHE)///AUVERGNE","L'HUMAIN AVANT TOUT (TETE DE LISTE PC, LISTE PC, PARTI DE GAUCHE)",AUVERGNE,COM,CHASSAIGNE,68050,0,0,0,0,0,0,0,0,0,0,0,0,0,0,0,0,0,1,0,0,0,0,0,0,0,0,1,0,0,0,0,0,1,0,0,0,0
"L'HUMAIN D'ABORD ! UNE GAUCHE COMBATIVE, SOCIALE, ECOLOGISTE ET CITOYENNE POUR MA REGION. ENSEMBLE AVEC ALAIN BOCQUET. LISTE D'UNION PRESENTEE PAR LE PARTI COMMUNISTE FRANCAIS, LE PARTI DE GAUCHE, LA GAUCHE UNITAIRE, LES ALTERNATIFS, LA GAUCHE ALTERNATI (TETE DE LISTE PC, LISTE PARTI DE GAUCHE, PC)///NORD-PAS-DE-CALAIS","L'HUMAIN D'ABORD ! UNE GAUCHE COMBATIVE, SOCIALE, ECOLOGISTE ET CITOYENNE POUR MA REGION. ENSEMBLE AVEC ALAIN BOCQUET. LISTE D'UNION PRESENTEE PAR LE PARTI COMMUNISTE FRANCAIS, LE PARTI DE GAUCHE, LA GAUCHE UNITAIRE, LES ALTERNATIFS, LA GAUCHE ALTERNATI (TETE DE LISTE PC, LISTE PARTI DE GAUCHE, PC)",NORD-PAS-DE-CALAIS,COM,BOCQUET,130993,0,1,0,0,0,0,0,0,0,0,0,1,1,0,0,0,0,1,0,0,0,0,0,0,0,0,1,0,0,0,0,0,1,0,0,1,0
"LA BOURGOGNE POUR TOUS, UN AVENIR POUR CHACUN. RASSEMBLEMENT DE LA GAUCHE POUR UNE BOURGOGNE INNOVANTE ET ENTREPRENANTE, SOLIDAIRE ET ECOLOGIQUE, PRESENTE PAR LE PARTI SOCIALISTE, LE PARTI RADICAL DE GAUCHE, LE PARTI COMMUNISTE (TETE DE LISTE PS, LISTE PS, PC, DIVERS GAUCHE)///BOURGOGNE","LA BOURGOGNE POUR TOUS, UN AVENIR POUR CHACUN. RASSEMBLEMENT DE LA GAUCHE POUR UNE BOURGOGNE INNOVANTE ET ENTREPRENANTE, SOLIDAIRE ET ECOLOGIQUE, PRESENTE PAR LE PARTI SOCIALISTE, LE PARTI RADICAL DE GAUCHE, LE PARTI COMMUNISTE (TETE DE LISTE PS, LISTE PS, PC, DIVERS GAUCHE)",BOURGOGNE,SOC-COM-autreG,PATRIAT,187345,0,0,0,0,0,0,0,0,0,0,0,0,0,0,0,0,0,1,0,0,0,0,0,0,0,0,1,0,1,1,1,0,1,1,0,0,0
"LA BRETAGNE SOLIDAIRE, CREATIVE ET RESPONSABLE AVEC JEAN-YVES LE DRIAN (TETE DE LISTE PS, LISTE PS, PC, DIVERS GAUCHE)///BRETAGNE","LA BRETAGNE SOLIDAIRE, CREATIVE ET RESPONSABLE AVEC JEAN-YVES LE DRIAN (TETE DE LISTE PS, LISTE PS, PC, DIVERS GAUCHE)",BRETAGNE,SOC-COM-autreG,LE DRIAN,408554,0,0,0,0,0,0,0,0,0,0,0,0,0,0,0,0,0,1,0,0,0,0,0,0,0,0,1,0,1,0,1,0,1,0,0,0,0
"LA FRANCE CHANGE, LE LIMOUSIN DOIT CHANGER AUSSI (TETE DE LISTE UMP, LISTE UMP, NOUVEAU CENTRE)///LIMOUSIN","LA FRANCE CHANGE, LE LIMOUSIN DOIT CHANGER AUSSI (TETE DE LISTE UMP, LISTE UMP, NOUVEAU CENTRE)",LIMOUSIN,UMP,ARCHER,67427,0,0,0,0,0,1,1,0,0,0,0,0,0,0,0,1,0,0,0,0,0,0,0,1,0,0,0,0,0,0,0,0,1,0,1,0,0
"LA FRANCE CHANGE, MA REGION DOIT CHANGER AUSSI (TETE DE LISTE UMP, LISTE UMP, NOUVEAU CENTRE, MOUVEMENT POUR LA FRANCE, CPNT)///PROVENCE-ALPES-COTE D'AZUR","LA FRANCE CHANGE, MA REGION DOIT CHANGER AUSSI (TETE DE LISTE UMP, LISTE UMP, NOUVEAU CENTRE, MOUVEMENT POUR LA FRANCE, CPNT)",PROVENCE-ALPES-COTE D'AZUR,UMP,MARIANI,388357,0,0,0,0,0,1,1,0,0,0,0,0,0,0,0,1,0,0,0,0,0,0,0,1,0,0,0,0,0,0,0,0,1,0,1,0,0
"LA GAUCHE 100% SOCIALE ET ECOLOGIQUE, NPA, ALTEREKOLO ET LES OBJECTEURS DE CROISSANCE SOUTENUE PAR OLIVIER BESANCENOT ET LA FEDERATION POUR UNE ALTERNATIVE SOCIALE ET ECOLOGIQUE (NOUVEAU PARTI ANTICAPITALISTE)///AUVERGNE","LA GAUCHE 100% SOCIALE ET ECOLOGIQUE, NPA, ALTEREKOLO ET LES OBJECTEURS DE CROISSANCE SOUTENUE PAR OLIVIER BESANCENOT ET LA FEDERATION POUR UNE ALTERNATIVE SOCIALE ET ECOLOGIQUE (NOUVEAU PARTI ANTICAPITALISTE)",AUVERGNE,EXG,LAFFONT,20031,0,0,0,0,1,0,0,0,0,0,0,0,0,0,0,0,0,1,0,0,0,0,0,1,0,0,0,0,0,0,0,1,0,0,0,0,0
LA GAUCHE 100% SOCIALE ET ECOLOGISTE SOUTENUE PAR OLIVIER BESANCENOT (NOUVEAU PARTI ANTICAPITALISTE)///PROVENCE-ALPES-COTE D'AZUR,LA GAUCHE 100% SOCIALE ET ECOLOGISTE SOUTENUE PAR OLIVIER BESANCENOT (NOUVEAU PARTI ANTICAPITALISTE),PROVENCE-ALPES-COTE D'AZUR,EXG,GODARD,30814,0,0,0,0,1,0,0,0,0,0,0,1,0,0,0,0,0,1,0,0,0,0,0,1,0,0,0,0,0,0,0,1,0,0,0,0,0
"LA GAUCHE AVEC JEAN-PIERRE MASSERET : LA VIE, LE COEUR, L'ACTION - RADICALEMENT LORRAIN (TETE DE LISTE PS, LISTE PS, PC)///LORRAINE","LA GAUCHE AVEC JEAN-PIERRE MASSERET : LA VIE, LE COEUR, L'ACTION - RADICALEMENT LORRAIN (TETE DE LISTE PS, LISTE PS, PC)",LORRAINE,SOC-COM-autreG,MASSERET,227062,0,0,1,0,0,0,0,0,0,0,0,0,0,0,0,0,0,1,0,0,0,0,0,0,0,0,1,0,1,0,0,0,1,0,0,0,0
"LA GAUCHE COMBATIVE. LISTE PRESENTEE PAR LE FRONT DE GAUCHE - PARTI COMMUNISTE FRANCAIS - PARTI DE GAUCHE - GAUCHE UNITAIRE - REPUBLIQUE ET SOCIALISME (TETE DE LISTE PC, LISTE PC, PARTI DE GAUCHE, GAUCHE UNITAIRE)///HAUTE-NORMANDIE","LA GAUCHE COMBATIVE. LISTE PRESENTEE PAR LE FRONT DE GAUCHE - PARTI COMMUNISTE FRANCAIS - PARTI DE GAUCHE - GAUCHE UNITAIRE - REPUBLIQUE ET SOCIALISME (TETE DE LISTE PC, LISTE PC, PARTI DE GAUCHE, GAUCHE UNITAIRE)",HAUTE-NORMANDIE,COM,JUMEL,47961,0,0,0,0,0,0,0,0,0,0,0,0,0,0,0,0,1,1,0,0,0,0,0,0,0,0,1,0,0,0,0,0,1,0,0,0,0
"LA GAUCHE EN ACTION, LISTE DE RASSEMBLEMENT DE LA GAUCHE ET DES ECOLOGISTES CONDUITE PAR JACQUES AUXIETTE (TETE DE LISTE PS, LISTE PS, AUTRE GAUCHE)///PAYS DE LA LOIRE","LA GAUCHE EN ACTION, LISTE DE RASSEMBLEMENT DE LA GAUCHE ET DES ECOLOGISTES CONDUITE PAR JACQUES AUXIETTE (TETE DE LISTE PS, LISTE PS, AUTRE GAUCHE)",PAYS DE LA LOIRE,SOC-autreG,AUXIETTE,405103,0,0,1,0,0,0,0,1,0,0,0,1,0,0,0,0,0,1,0,0,0,0,0,0,0,0,0,0,1,1,0,0,1,0,0,0,0
"LA GAUCHE SOLIDAIRE, INNOVANTE ET ECOLOGIQUE (TETE DE LISTE PS, LISTE PS, PC, AUTRE GAUCHE)///BASSE-NORMANDIE","LA GAUCHE SOLIDAIRE, INNOVANTE ET ECOLOGIQUE (TETE DE LISTE PS, LISTE PS, PC, AUTRE GAUCHE)",BASSE-NORMANDIE,SOC-COM-autreG,BEAUVAIS,156959,0,0,0,0,0,0,0,0,0,0,0,0,0,0,0,0,0,1,0,0,0,0,0,0,0,0,1,0,1,0,1,0,1,0,0,0,0
"LA LIGUE COMTOISE, NON AUX MINARETS !///FRANCHE-COMTE","LA LIGUE COMTOISE, NON AUX MINARETS !",FRANCHE-COMTE,EXD,DEVILLERS,9820,0,1,0,0,0,0,0,0,0,0,0,0,0,0,0,0,0,0,0,0,0,0,0,0,0,0,0,0,0,0,0,0,0,0,0,0,0
LA LIGUE DU MIDI///LANGUEDOC-ROUSSILLON,LA LIGUE DU MIDI,LANGUEDOC-ROUSSILLON,EXD,ROUDIER,6086,0,0,0,0,0,0,0,0,0,0,0,0,0,0,0,0,0,0,0,0,0,0,0,0,0,0,0,0,0,0,0,0,0,0,0,0,0
LA LISTE CH'TI///NORD-PAS-DE-CALAIS,LA LISTE CH'TI,NORD-PAS-DE-CALAIS,DVD,DUBOUT,37050,0,0,0,0,0,0,0,0,0,0,0,0,0,0,0,0,0,0,0,0,0,0,0,0,0,0,0,0,0,0,0,0,0,0,0,0,0
LA LISTE CHRETIENNE///ILE-DE-FRANCE,LA LISTE CHRETIENNE,ILE-DE-FRANCE,DIV,DE BOER,21399,0,0,0,0,0,0,0,0,0,0,0,0,0,0,0,0,0,0,0,0,0,0,0,0,0,0,0,0,0,0,0,0,0,0,0,0,0
LA LORRAINE DE TOUTES NOS FORCES (MODEM)///LORRAINE,LA LORRAINE DE TOUTES NOS FORCES (MODEM),LORRAINE,MODEM,BELLEI,20901,0,0,0,0,0,0,0,0,0,0,0,0,0,0,1,0,0,0,0,0,0,0,0,0,0,0,0,0,0,0,0,0,0,0,0,0,0
"LA LORRAINE DES GENERATIONS SOLIDAIRES (TETE DE LISTE ECOLOGISTE, LISTE DIVERS ECOLOGISTES)///LORRAINE","LA LORRAINE DES GENERATIONS SOLIDAIRES (TETE DE LISTE ECOLOGISTE, LISTE DIVERS ECOLOGISTES)",LORRAINE,ECO,LEFEUVRE,447,0,0,0,0,0,0,0,0,0,0,0,1,0,0,0,0,0,0,0,0,0,0,0,0,0,0,0,0,0,0,1,0,1,0,0,0,0
LA MARTINIQUE POUR TOUS///MARTINIQUE,LA MARTINIQUE POUR TOUS,MARTINIQUE,DIV,LORDINOT,2448,0,0,0,0,0,0,0,0,0,0,0,0,0,0,0,0,0,0,0,0,0,0,0,0,0,0,0,0,0,0,0,0,0,1,0,0,0
LA NORMANDIE DE TOUTES NOS FORCES///BASSE-NORMANDIE,LA NORMANDIE DE TOUTES NOS FORCES,BASSE-NORMANDIE,MODEM,THOMAS,42932,0,0,0,0,0,0,0,0,0,0,0,0,0,0,1,0,0,0,0,0,0,0,0,0,0,0,0,0,0,0,0,0,0,0,0,0,0
"LA REGION AUTREMENT (TETE DE LISTE DIVERS GAUCHE, LISTE REGIONALISTES, DIVERS GAUCHE)///GUADELOUPE","LA REGION AUTREMENT (TETE DE LISTE DIVERS GAUCHE, LISTE REGIONALISTES, DIVERS GAUCHE)",GUADELOUPE,DVG,JALTON,17175,0,0,0,0,0,0,0,0,0,0,0,0,0,0,0,0,0,1,0,0,0,0,0,0,0,0,0,0,0,0,0,0,1,0,0,0,0
"LA REGION CENTRE: PLUS QU'UNE REGION, UNE CHANCE! (TETE DE LISTE PS, LISTE PS ET PC)///CENTRE","LA REGION CENTRE: PLUS QU'UNE REGION, UNE CHANCE! (TETE DE LISTE PS, LISTE PS ET PC)",CENTRE,SOC-COM-autreG,BONNEAU,221199,0,1,0,0,0,1,0,0,0,0,0,0,0,0,0,0,0,0,0,0,0,0,0,0,0,0,1,0,1,0,0,0,1,0,0,0,0
LA VOIX LORRAINE///LORRAINE,LA VOIX LORRAINE,LORRAINE,DIV,VILLA,2110,0,0,0,0,0,0,0,0,0,0,0,0,0,0,0,0,0,0,0,0,0,0,0,0,0,0,0,0,0,0,0,0,0,0,0,0,0
LE CHANGEMENT CONDUITE PAR M. ERIC MAGAMOOTOO///REUNION,LE CHANGEMENT CONDUITE PAR M. ERIC MAGAMOOTOO,REUNION,DVD,MAGAMOOTOO,11809,0,0,0,0,0,0,1,1,0,0,0,0,0,0,0,0,0,0,0,0,0,0,0,0,0,0,0,0,0,0,0,0,0,0,0,0,0
"LE RENOUVEAU POUR LA REGION GUYANE QU'ON AIME (TETE DE LISTE SOCIALISTE, LISTE SOCIALISTE, AUTRE GAUCHE)///GUYANE","LE RENOUVEAU POUR LA REGION GUYANE QU'ON AIME (TETE DE LISTE SOCIALISTE, LISTE SOCIALISTE, AUTRE GAUCHE)",GUYANE,SOC,JEAN-BAPTISTE-EDOUARD,301,0,0,0,0,0,0,0,0,0,0,0,0,0,0,0,0,0,1,0,0,0,0,0,1,0,0,0,0,0,0,0,0,1,0,0,0,0
LIMOUSIN DEMOCRATE///LIMOUSIN,LIMOUSIN DEMOCRATE,LIMOUSIN,MODEM,BELEZY,9950,0,0,0,0,0,0,0,0,0,0,0,0,0,0,0,0,0,0,0,0,0,0,0,0,0,0,0,0,0,0,0,0,0,0,0,0,0
"LIMOUSIN TERRE D'AVENIR (TETE DE LISTE PS, LISTE PS, DIVERS GAUCHE)///LIMOUSIN","LIMOUSIN TERRE D'AVENIR (TETE DE LISTE PS, LISTE PS, DIVERS GAUCHE)",LIMOUSIN,SOC-autreG,DENANOT,106203,0,0,0,0,0,0,0,0,0,0,0,0,0,0,0,0,0,1,0,0,0,0,0,0,0,0,0,0,1,0,0,0,1,0,0,0,0
"LIMOUSIN TERRE DE GAUCHE UNIS POUR LA JUSTICE SOCIALE, L'ECOLOGIE ET LA DEMOCRATIE (TETE DE LISTE PC, LISTE PC, PARTI DE GAUCHE, NOUVEAU PARTI ANTICAPITALISTE)///LIMOUSIN","LIMOUSIN TERRE DE GAUCHE UNIS POUR LA JUSTICE SOCIALE, L'ECOLOGIE ET LA DEMOCRATIE (TETE DE LISTE PC, LISTE PC, PARTI DE GAUCHE, NOUVEAU PARTI ANTICAPITALISTE)",LIMOUSIN,COM,AUDOUIN,36634,0,0,0,0,1,0,0,0,0,0,0,1,0,0,0,0,0,1,0,0,0,0,0,1,0,0,1,0,0,0,0,0,1,0,0,0,0
"LISTA SIMEONI-ANGELINI FEMU A CORSICA (TETE DE LISTE REGIONALISTE, LISTE DIVERS REGIONALISTES)///CORSE","LISTA SIMEONI-ANGELINI FEMU A CORSICA (TETE DE LISTE REGIONALISTE, LISTE DIVERS REGIONALISTES)",CORSE,DIV,SIMEONI,24057,0,0,0,0,0,0,0,0,0,0,0,0,0,0,0,0,0,0,0,0,0,0,0,0,0,0,0,0,0,0,0,0,1,0,0,0,0
LISTE ALSACE DEMOCRATE CONDUITE PAR YANN WEHRLING ET ODILE UHLRICH MALLET SOUTENUE PAR FRANCOIS BAYROU (MODEM)///ALSACE,LISTE ALSACE DEMOCRATE CONDUITE PAR YANN WEHRLING ET ODILE UHLRICH MALLET SOUTENUE PAR FRANCOIS BAYROU (MODEM),ALSACE,MODEM,WEHRLING,21509,0,0,0,0,0,0,0,1,0,0,0,0,0,0,0,0,0,0,0,0,0,0,0,0,0,0,0,0,0,0,0,1,0,0,0,0,0
"LISTE DE L'ALLIANCE CONDUITE PAR PAUL VERGES (TETE DE LISTE, PARTI COMMUNISTE REUNIONNAIS, LISTE PCR ET DIVERS GAUCHE)///REUNION","LISTE DE L'ALLIANCE CONDUITE PAR PAUL VERGES (TETE DE LISTE, PARTI COMMUNISTE REUNIONNAIS, LISTE PCR ET DIVERS GAUCHE)",REUNION,COM,VERGES,71602,0,0,0,1,0,0,0,1,0,0,0,0,0,0,0,0,0,1,0,0,0,0,0,0,0,0,1,0,0,0,0,0,1,0,0,1,0
"LISTE DE RASSEMBLEMENT SOUTENUE PAR LE PARTI SOCIALISTE (TETE DE LISTE PS, LISTE PS, DIVERS GAUCHE)///ALSACE","LISTE DE RASSEMBLEMENT SOUTENUE PAR LE PARTI SOCIALISTE (TETE DE LISTE PS, LISTE PS, DIVERS GAUCHE)",ALSACE,SOC,BIGOT,98629,0,0,0,0,0,0,0,0,0,0,0,0,0,0,0,0,0,1,0,0,0,0,0,0,0,0,0,0,1,1,0,1,1,0,0,0,0
LISTE DEMOCRATE ET CENTRISTE CONDUITE PAR ALAIN DOLIUM SOUTENUE PAR FRANCOIS BAYROU (MODEM)///ILE-DE-FRANCE,LISTE DEMOCRATE ET CENTRISTE CONDUITE PAR ALAIN DOLIUM SOUTENUE PAR FRANCOIS BAYROU (MODEM),ILE-DE-FRANCE,MODEM,DOLIUM,111666,0,0,0,0,0,0,0,1,0,0,0,0,0,0,0,0,0,0,0,0,0,0,0,0,0,0,0,0,0,0,0,1,0,0,0,0,0
LISTE DES DEMOCRATES POUR LE CENTRE SOUTENUE PAR FRANCOIS BAYROU. (MODEM)///CENTRE,LISTE DES DEMOCRATES POUR LE CENTRE SOUTENUE PAR FRANCOIS BAYROU. (MODEM),CENTRE,MODEM,FESNEAU,39818,0,0,0,0,0,1,0,0,0,0,0,0,0,0,0,0,0,0,0,0,0,0,0,0,0,0,0,0,0,0,0,1,0,0,0,0,0
"LISTE ECOLOGIQUE PROTEGEONS LA CORSE (TETE DE LISTE ECOLOGISTE, LISTE DIVERS ECOLOGISTES)///CORSE","LISTE ECOLOGIQUE PROTEGEONS LA CORSE (TETE DE LISTE ECOLOGISTE, LISTE DIVERS ECOLOGISTES)",CORSE,ECO,BACCARELLI,2426,0,0,0,0,0,0,0,0,0,0,0,1,0,0,0,0,0,0,0,0,0,0,0,0,0,0,0,0,0,0,0,0,1,0,0,0,0
LISTE FRONT NATIONAL - LES FRANCAIS D'ABORD///CHAMPAGNE-ARDENNE,LISTE FRONT NATIONAL - LES FRANCAIS D'ABORD,CHAMPAGNE-ARDENNE,FN,SUBTIL,60264,0,0,0,0,0,0,0,0,0,0,0,0,0,0,0,0,1,0,0,0,0,0,1,0,0,0,0,0,0,0,0,0,0,0,0,0,0
LISTE FRONT NATIONAL AVEC LE PEN POUR L'ILE-DE-FRANCE///ILE-DE-FRANCE,LISTE FRONT NATIONAL AVEC LE PEN POUR L'ILE-DE-FRANCE,ILE-DE-FRANCE,FN,ARNAUTU,268314,0,0,0,0,0,0,0,0,0,0,0,0,0,0,0,1,1,0,0,0,0,0,1,0,0,0,0,0,0,0,0,0,0,0,0,0,0
LISTE FRONT NATIONAL LES FRANCAIS D'ABORD SOUTENUE PAR MARINE LE PEN///HAUTE-NORMANDIE,LISTE FRONT NATIONAL LES FRANCAIS D'ABORD SOUTENUE PAR MARINE LE PEN,HAUTE-NORMANDIE,FN,BAY,67419,0,0,0,0,0,0,0,0,0,0,0,0,0,0,0,0,1,0,0,0,0,0,1,0,0,0,0,0,0,0,0,1,0,0,0,0,0
LISTE FRONT NATIONAL POUR LA BASSE NORMANDIE SOUTENUE PAR MARINE LE PEN///BASSE-NORMANDIE,LISTE FRONT NATIONAL POUR LA BASSE NORMANDIE SOUTENUE PAR MARINE LE PEN,BASSE-NORMANDIE,FN,DUPONT,41938,0,0,0,0,0,0,0,0,0,0,0,0,0,0,0,0,1,0,0,0,0,0,1,0,0,0,0,0,0,0,0,1,0,0,0,0,0
LISTE FRONT NATIONAL POUR LA LORRAINE ET LES FRANCAIS D'ABORD///LORRAINE,LISTE FRONT NATIONAL POUR LA LORRAINE ET LES FRANCAIS D'ABORD,LORRAINE,FN,GOURLOT,98269,0,0,0,0,0,0,0,0,0,0,0,0,0,0,0,0,1,0,0,0,0,0,1,0,0,0,0,0,0,0,0,0,0,0,0,0,0
LISTE FRONT NATIONAL POUR LA PICARDIE ET LE PEUPLE FRANCAIS ! CONDUITE PAR MICHEL GUINIOT///PICARDIE,LISTE FRONT NATIONAL POUR LA PICARDIE ET LE PEUPLE FRANCAIS ! CONDUITE PAR MICHEL GUINIOT,PICARDIE,FN,GUINIOT,90801,0,1,0,0,0,0,0,1,0,0,0,0,0,0,0,0,1,0,0,0,0,0,1,0,0,0,0,0,0,0,0,0,0,0,0,0,0
LISTE FRONT NATIONAL POUR MIDI-PYRENEES PRESENTEE PAR JEAN-MARIE LE PEN CONDUITE PAR FREDERIC CABROLIER///MIDI-PYRENEES,LISTE FRONT NATIONAL POUR MIDI-PYRENEES PRESENTEE PAR JEAN-MARIE LE PEN CONDUITE PAR FREDERIC CABROLIER,MIDI-PYRENEES,FN,CABROLIER,95689,0,0,0,0,0,0,0,1,0,0,0,0,0,0,0,0,1,0,0,0,0,0,1,0,0,0,0,0,0,0,0,0,0,0,0,0,0
LISTE FRONT NATIONAL///NORD-PAS-DE-CALAIS,LISTE FRONT NATIONAL,NORD-PAS-DE-CALAIS,FN,LE PEN,224871,0,0,0,0,0,0,0,0,0,0,0,0,0,0,0,0,1,0,0,0,0,0,1,0,0,0,0,0,0,0,0,0,0,0,0,0,0
LISTE FRONT NATIONAL///PROVENCE-ALPES-COTE D'AZUR,LISTE FRONT NATIONAL,PROVENCE-ALPES-COTE D'AZUR,FN,LE PEN,296263,0,0,0,0,0,0,0,0,0,0,0,0,0,0,0,0,1,0,0,0,0,0,1,0,0,0,0,0,0,0,0,0,0,0,0,0,0
"LISTE GAUCHE REPUBLICAINE (TETE DE LISTE PARTI RADICAL DE GAUCHE, LISTE PRG, DIVERS GAUCHE)///CORSE","LISTE GAUCHE REPUBLICAINE (TETE DE LISTE PARTI RADICAL DE GAUCHE, LISTE PRG, DIVERS GAUCHE)",CORSE,PRG,ZUCCARELLI,10523,0,0,0,0,0,0,0,0,0,0,0,0,0,0,0,0,0,1,0,0,0,0,0,0,0,0,0,0,0,0,0,0,1,0,0,0,0
"LISTE LA BOURGOGNE DYNAMIQUE CONDUITE PAR FRANCOIS SAUVADET (TETE DE LISTE NOUVEAU CENTRE, LISTE UMP, NOUVEAU CENTRE)///BOURGOGNE","LISTE LA BOURGOGNE DYNAMIQUE CONDUITE PAR FRANCOIS SAUVADET (TETE DE LISTE NOUVEAU CENTRE, LISTE UMP, NOUVEAU CENTRE)",BOURGOGNE,UMP,SAUVADET,148779,0,0,0,0,0,1,0,1,0,0,0,0,0,0,0,0,0,0,0,0,0,0,0,1,0,0,0,0,0,0,0,0,1,0,1,0,0
"LISTE LA REUNION EN CONFIANCE CONDUITE PAR DIDIER ROBERT (TETE DE LISTE UMP, LISTE UMP, NOUVEAU CENTRE)///REUNION","LISTE LA REUNION EN CONFIANCE CONDUITE PAR DIDIER ROBERT (TETE DE LISTE UMP, LISTE UMP, NOUVEAU CENTRE)",REUNION,UMP,ROBERT,62581,0,0,0,0,0,1,0,1,0,0,0,0,0,0,0,0,0,0,0,0,0,0,0,1,0,0,0,0,0,0,0,0,1,0,1,1,0
"LISTE LA REUNION NOUT'FIERTE CONDUITE PAR JEAN-PAUL VIRAPOULLE (TETE DE LISTE DIVERS DROITE, LISTE DIVERS DROITE ET MOUVEMENTS ASOCIATIFS)///REUNION","LISTE LA REUNION NOUT'FIERTE CONDUITE PAR JEAN-PAUL VIRAPOULLE (TETE DE LISTE DIVERS DROITE, LISTE DIVERS DROITE ET MOUVEMENTS ASOCIATIFS)",REUNION,DVD,VIRAPOULLE,15952,0,0,0,0,0,0,0,1,0,0,1,0,0,0,0,0,0,0,0,0,0,0,0,0,0,0,0,0,0,0,0,0,1,0,0,1,0
LISTE LUTTE OUVRIERE SOUTENUE ARLETTE LAGUILLER///LANGUEDOC-ROUSSILLON,LISTE LUTTE OUVRIERE SOUTENUE ARLETTE LAGUILLER,LANGUEDOC-ROUSSILLON,EXG,PLANA,5628,0,0,0,0,0,0,0,0,0,0,0,0,0,0,0,0,0,0,0,0,1,0,0,0,0,1,0,0,0,0,0,1,0,0,0,0,0
"LISTE LUTTE OUVRIERE SOUTENUE PAR ARLETTE LAGUILLER , CONDUITE PAR NELLY MALATY///AQUITAINE","LISTE LUTTE OUVRIERE SOUTENUE PAR ARLETTE LAGUILLER , CONDUITE PAR NELLY MALATY",AQUITAINE,EXG,MALATY,8519,0,0,0,0,0,0,0,1,0,0,0,0,0,0,0,0,0,0,0,0,1,0,0,0,0,1,0,0,0,0,0,1,0,0,0,0,0
LISTE LUTTE OUVRIERE SOUTENUE PAR ARLETTE LAGUILLER CONDUITE PAR JEAN-PIERRE MERCIER///ILE-DE-FRANCE,LISTE LUTTE OUVRIERE SOUTENUE PAR ARLETTE LAGUILLER CONDUITE PAR JEAN-PIERRE MERCIER,ILE-DE-FRANCE,EXG,MERCIER,14724,0,0,0,0,0,0,0,1,0,0,0,0,0,0,0,0,0,0,0,0,1,0,0,0,0,1,0,0,0,0,0,1,0,0,0,0,0
LISTE LUTTE OUVRIERE SOUTENUE PAR ARLETTE LAGUILLER ET CONDUITE PAR JEAN-YVES PAYET///REUNION,LISTE LUTTE OUVRIERE SOUTENUE PAR ARLETTE LAGUILLER ET CONDUITE PAR JEAN-YVES PAYET,REUNION,EXG,PAYET,1944,0,0,0,0,0,0,0,1,0,0,0,0,0,0,0,0,0,0,0,0,1,0,0,0,0,1,0,0,0,0,0,1,0,0,0,0,0
LISTE LUTTE OUVRIERE SOUTENUE PAR ARLETTE LAGUILLER.///FRANCHE-COMTE,LISTE LUTTE OUVRIERE SOUTENUE PAR ARLETTE LAGUILLER.,FRANCHE-COMTE,EXG,TREPPO,4314,0,0,0,0,0,0,0,0,0,0,0,0,0,0,0,0,0,0,0,0,1,0,0,0,0,1,0,0,0,0,0,1,0,0,0,0,0
LISTE LUTTE OUVRIERE SOUTENUE PAR ARLETTE LAGUILLER///AUVERGNE,LISTE LUTTE OUVRIERE SOUTENUE PAR ARLETTE LAGUILLER,AUVERGNE,EXG,SAVRE,5832,0,0,0,0,0,0,0,0,0,0,0,0,0,0,0,0,0,0,0,0,1,0,0,0,0,1,0,0,0,0,0,1,0,0,0,0,0
LISTE LUTTE OUVRIERE SOUTENUE PAR ARLETTE LAGUILLER///BASSE-NORMANDIE,LISTE LUTTE OUVRIERE SOUTENUE PAR ARLETTE LAGUILLER,BASSE-NORMANDIE,EXG,CASEVITZ,6985,0,0,0,0,0,0,0,0,0,0,0,0,0,0,0,0,0,0,0,0,1,0,0,0,0,1,0,0,0,0,0,1,0,0,0,0,0
LISTE LUTTE OUVRIERE SOUTENUE PAR ARLETTE LAGUILLER///BOURGOGNE,LISTE LUTTE OUVRIERE SOUTENUE PAR ARLETTE LAGUILLER,BOURGOGNE,EXG,ROCHER,8062,0,0,0,0,0,0,0,0,0,0,0,0,0,0,0,0,0,0,0,0,1,0,0,0,0,1,0,0,0,0,0,1,0,0,0,0,0
LISTE LUTTE OUVRIERE SOUTENUE PAR ARLETTE LAGUILLER///BRETAGNE,LISTE LUTTE OUVRIERE SOUTENUE PAR ARLETTE LAGUILLER,BRETAGNE,EXG,HAMON,15054,0,0,0,0,0,0,0,0,0,0,0,0,0,0,0,0,0,0,0,0,1,0,0,0,0,1,0,0,0,0,0,1,0,0,0,0,0
LISTE LUTTE OUVRIERE SOUTENUE PAR ARLETTE LAGUILLER///CHAMPAGNE-ARDENNE,LISTE LUTTE OUVRIERE SOUTENUE PAR ARLETTE LAGUILLER,CHAMPAGNE-ARDENNE,EXG,ROSE,5864,0,0,0,0,0,0,0,0,0,0,0,0,0,0,0,0,0,0,0,0,1,0,0,0,0,1,0,0,0,0,0,1,0,0,0,0,0
LISTE LUTTE OUVRIERE SOUTENUE PAR ARLETTE LAGUILLER///HAUTE-NORMANDIE,LISTE LUTTE OUVRIERE SOUTENUE PAR ARLETTE LAGUILLER,HAUTE-NORMANDIE,EXG,LAPEYRE,5345,0,0,0,0,0,0,0,0,0,0,0,0,0,0,0,0,0,0,0,0,1,0,0,0,0,1,0,0,0,0,0,1,0,0,0,0,0
LISTE LUTTE OUVRIERE SOUTENUE PAR ARLETTE LAGUILLER///LIMOUSIN,LISTE LUTTE OUVRIERE SOUTENUE PAR ARLETTE LAGUILLER,LIMOUSIN,EXG,FAUCON,4010,0,0,0,0,0,0,0,0,0,0,0,0,0,0,0,0,0,0,0,0,1,0,0,0,0,1,0,0,0,0,0,1,0,0,0,0,0
LISTE LUTTE OUVRIERE SOUTENUE PAR ARLETTE LAGUILLER///MIDI-PYRENEES,LISTE LUTTE OUVRIERE SOUTENUE PAR ARLETTE LAGUILLER,MIDI-PYRENEES,EXG,TORREMOCHA,8249,0,0,0,0,0,0,0,0,0,0,0,0,0,0,0,0,0,0,0,0,1,0,0,0,0,1,0,0,0,0,0,1,0,0,0,0,0
LISTE LUTTE OUVRIERE SOUTENUE PAR ARLETTE LAGUILLER///PICARDIE,LISTE LUTTE OUVRIERE SOUTENUE PAR ARLETTE LAGUILLER,PICARDIE,EXG,SZPIRKO,7554,0,0,0,0,0,0,0,0,0,0,0,0,0,0,0,0,0,0,0,0,1,0,0,0,0,1,0,0,0,0,0,1,0,0,0,0,0
LISTE LUTTE OUVRIERE SOUTENUE PAR ARLETTE LAGUILLER///PROVENCE-ALPES-COTE D'AZUR,LISTE LUTTE OUVRIERE SOUTENUE PAR ARLETTE LAGUILLER,PROVENCE-ALPES-COTE D'AZUR,EXG,BONNET,7993,0,0,0,0,0,0,0,0,0,0,0,0,0,0,0,0,0,0,0,0,1,0,0,0,0,1,0,0,0,0,0,1,0,0,0,0,0
LISTE LUTTE OUVRIERE SOUTENUE PAR ARLETTE LAGUILLER///RHONE-ALPES,LISTE LUTTE OUVRIERE SOUTENUE PAR ARLETTE LAGUILLER,RHONE-ALPES,EXG,ARTHAUD,23140,0,0,0,0,0,0,0,0,0,0,0,0,0,0,0,0,0,0,0,0,1,0,0,0,0,1,0,0,0,0,0,1,0,0,0,0,0
"LISTE LUTTE OUVRIERE, SOUTENUE PAR ARLETTE LAGUILLER///POITOU-CHARENTES","LISTE LUTTE OUVRIERE, SOUTENUE PAR ARLETTE LAGUILLER",POITOU-CHARENTES,EXG,GAILLARD,6451,0,0,0,0,0,0,0,0,0,0,0,0,0,0,0,0,0,0,0,0,1,0,0,0,0,1,0,0,0,0,0,1,0,0,0,0,0
LISTE MODEM MARTINIQUE (MODEM)///MARTINIQUE,LISTE MODEM MARTINIQUE (MODEM),MARTINIQUE,MODEM,ORVILLE,1348,0,0,0,0,0,0,0,0,0,0,0,0,0,0,0,0,0,0,0,0,0,0,0,0,0,0,0,0,0,0,0,0,0,0,0,0,0
"LISTE NASION RENIONE, CONDUITE PAR M. ANIEL BOYER (TETE DE LISTE REGIONALISTE, LISTE REGIONALISTES ET DIVERS GAUCHE)///REUNION","LISTE NASION RENIONE, CONDUITE PAR M. ANIEL BOYER (TETE DE LISTE REGIONALISTE, LISTE REGIONALISTES ET DIVERS GAUCHE)",REUNION,DIV,BOYER,2097,0,0,0,0,0,0,0,1,0,0,0,0,0,0,0,0,0,1,0,0,0,0,0,0,0,0,0,0,0,0,0,0,1,0,0,0,0
LISTE OUVRIERE SOUTENUE PAR ARLETTE LAGUILLER///LORRAINE,LISTE OUVRIERE SOUTENUE PAR ARLETTE LAGUILLER,LORRAINE,EXG,RINALDI,8090,0,0,0,0,0,0,0,0,0,0,0,0,0,0,0,0,0,0,0,0,0,0,0,0,0,1,0,0,0,0,0,1,0,0,0,0,0
LISTE PAYS DE LA LOIRE DEMOCRATES CONDUITE PAR PATRICIA GALLERNEAU SOUTENUE PAR FRANCOIS BAYROU (MODEM)///PAYS DE LA LOIRE,LISTE PAYS DE LA LOIRE DEMOCRATES CONDUITE PAR PATRICIA GALLERNEAU SOUTENUE PAR FRANCOIS BAYROU (MODEM),PAYS DE LA LOIRE,MODEM,GALLERNEAU,53879,0,0,0,0,0,0,0,1,0,0,0,0,0,0,0,0,0,0,0,0,0,0,0,0,0,0,0,0,0,0,0,1,0,0,0,0,0
"LISTE POUR L'EGALITE TOTALE, CONDUITE PAR M. JOHNY ARNACHELLUM///REUNION","LISTE POUR L'EGALITE TOTALE, CONDUITE PAR M. JOHNY ARNACHELLUM",REUNION,DIV,ARNACHELLUM,1267,0,0,0,0,0,0,0,1,0,0,0,0,0,0,0,0,0,0,0,0,0,0,0,0,0,0,0,0,0,0,0,0,0,0,0,0,0
LISTE RASSEMBLONS LA BOURGOGNE AVEC FRANCOIS DESEILLE SOUTENUE PAR CORINNE LEPAGE ET FRANCOIS BAYROU (MODEM)///BOURGOGNE,LISTE RASSEMBLONS LA BOURGOGNE AVEC FRANCOIS DESEILLE SOUTENUE PAR CORINNE LEPAGE ET FRANCOIS BAYROU (MODEM),BOURGOGNE,MODEM,DESEILLE,19464,0,0,0,0,0,0,0,0,0,0,0,0,0,0,0,0,0,0,0,0,0,0,0,0,0,0,0,0,0,0,0,1,0,0,0,0,0
LISTE UNITAIRE ANTICAPITALISTE ANTILIBERALE ET ECOLOGISTE (NOUVEAU PARTI ANTICAPITALISTE)///BASSE-NORMANDIE,LISTE UNITAIRE ANTICAPITALISTE ANTILIBERALE ET ECOLOGISTE (NOUVEAU PARTI ANTICAPITALISTE),BASSE-NORMANDIE,EXG,COULON,24044,0,0,0,0,1,0,0,0,0,0,0,1,0,0,0,0,0,0,0,0,0,0,0,1,0,0,0,0,0,0,0,0,0,0,0,0,0
"LISTEMOUVEMENT DIVERS DROITE CONDUITE PAR M. ANDRE THIEN AH KOON (TETE DE LISTE DIVERS DROITE, LISTE DIVERS DROITE, REGIONALISTES)///REUNION","LISTEMOUVEMENT DIVERS DROITE CONDUITE PAR M. ANDRE THIEN AH KOON (TETE DE LISTE DIVERS DROITE, LISTE DIVERS DROITE, REGIONALISTES)",REUNION,DVD,THIEN AH KOON,12734,0,0,0,0,0,0,0,1,0,0,1,0,0,0,0,0,0,0,0,0,0,0,0,0,0,0,0,0,0,0,0,0,1,0,0,0,0
LUTTE OUVRIERE SOUTENUE PAR ARLETTE LAGUILLER///ALSACE,LUTTE OUVRIERE SOUTENUE PAR ARLETTE LAGUILLER,ALSACE,EXG,WOSTYN,3997,0,0,0,0,0,0,0,0,0,0,0,0,0,0,0,0,0,0,0,0,1,0,0,0,0,1,0,0,0,0,0,1,0,0,0,0,0
LUTTE OUVRIERE SOUTENUE PAR ARLETTE LAGUILLER///NORD-PAS-DE-CALAIS,LUTTE OUVRIERE SOUTENUE PAR ARLETTE LAGUILLER,NORD-PAS-DE-CALAIS,EXG,PECQUEUR,16760,0,0,0,0,0,0,0,0,0,0,0,0,0,0,0,0,0,0,0,0,1,0,0,0,0,1,0,0,0,0,0,1,0,0,0,0,0
LUTTE OUVRIERE SOUTENUE PAR ARLETTE LAGUILLER///PAYS DE LA LOIRE,LUTTE OUVRIERE SOUTENUE PAR ARLETTE LAGUILLER,PAYS DE LA LOIRE,EXG,LE BELLER,18860,0,0,0,0,0,0,0,0,0,0,0,0,0,0,0,0,0,0,0,0,1,0,0,0,0,1,0,0,0,0,0,1,0,0,0,0,0
LUTTE OUVRIERE SOUTENUE PAR ARLETTE LAGUILLIER///CENTRE,LUTTE OUVRIERE SOUTENUE PAR ARLETTE LAGUILLIER,CENTRE,EXG,MEGDOUD,7652,0,0,0,0,0,0,0,0,0,0,0,0,0,0,0,0,0,0,0,0,1,0,0,0,0,1,0,0,0,0,0,1,0,0,0,0,0
"MA VIE, MA REGION, MON AVENIR AVEC VALERIE LETARD (TETE DE LISTE NOUVEAU CENTRE, LISTE UMP, NOUVEAU CENTRE, CNI ET DEBOUT LA REPUBLIQUE)///NORD-PAS-DE-CALAIS","MA VIE, MA REGION, MON AVENIR AVEC VALERIE LETARD (TETE DE LISTE NOUVEAU CENTRE, LISTE UMP, NOUVEAU CENTRE, CNI ET DEBOUT LA REPUBLIQUE)",NORD-PAS-DE-CALAIS,UMP,LETARD,233375,0,0,0,0,0,1,0,0,0,0,0,0,0,0,0,0,0,0,0,0,0,0,0,1,0,0,0,0,0,0,0,0,1,0,1,0,0
"MAJORITE ALSACIENNE, AVEC PHILIPPE RICHERT L'ALSACE PASSIONNEMENT (TETE DE LISTE UMP, LISTE UMP, NOUVEAU CENTRE)///ALSACE","MAJORITE ALSACIENNE, AVEC PHILIPPE RICHERT L'ALSACE PASSIONNEMENT (TETE DE LISTE UMP, LISTE UMP, NOUVEAU CENTRE)",ALSACE,UMP,RICHERT,181705,0,0,0,0,0,1,0,0,0,0,0,0,0,0,0,0,0,0,0,0,0,0,0,1,0,0,0,0,0,0,0,0,1,0,1,0,0
"MAJORITE PRESIDENTIELLE UMP - NOUVEAU CENTRE - PARTI RADICAL - GAUCHE MODERNE - MPF - CPNT (TETE DE LISTE UMP, LISTE UMP, NOUVEAU CENTRE, MOUVEMENT POUR LA FRANCE, CPNT)///FRANCHE-COMTE","MAJORITE PRESIDENTIELLE UMP - NOUVEAU CENTRE - PARTI RADICAL - GAUCHE MODERNE - MPF - CPNT (TETE DE LISTE UMP, LISTE UMP, NOUVEAU CENTRE, MOUVEMENT POUR LA FRANCE, CPNT)",FRANCHE-COMTE,UMP,JOYANDET,128225,0,0,0,0,0,1,0,0,0,0,0,0,0,0,0,1,0,1,0,0,0,1,0,1,0,0,0,0,0,0,0,0,1,0,1,0,0
"MARTINEZ LA REGION - LA FRANCE - LA VIE (TETE DE LISTE DISSIDENT FN, LISTE DIVERS EXTREME DROITE)///LANGUEDOC-ROUSSILLON","MARTINEZ LA REGION - LA FRANCE - LA VIE (TETE DE LISTE DISSIDENT FN, LISTE DIVERS EXTREME DROITE)",LANGUEDOC-ROUSSILLON,EXD,MARTINEZ,6607,0,0,0,0,0,0,0,0,0,0,1,0,0,0,0,1,0,0,0,0,0,0,0,0,0,0,0,0,0,0,0,0,1,0,0,0,1
"METTEZ LE NORD PAS-DE-CALAIS DANS VOS ASSIETTES (TETE DE LISTE ECOLOGISTE, LISTE DIVERS ECOLOGISTES)///NORD-PAS-DE-CALAIS","METTEZ LE NORD PAS-DE-CALAIS DANS VOS ASSIETTES (TETE DE LISTE ECOLOGISTE, LISTE DIVERS ECOLOGISTES)",NORD-PAS-DE-CALAIS,ECO,POILLION,12649,0,0,0,0,0,0,0,0,0,0,0,1,0,0,0,0,0,0,0,0,0,0,0,0,0,0,0,0,0,0,0,0,1,0,0,0,0
"MIDI-PYRENEES EN ACTION LISTE DU CENTRE PRESENTEE PAR ARNAUD LAFON MAIRE DE CASTANET-TOLOSAN (31) SOUTENUE PAR FRANCOIS BAYROU, LE MOUVEMENT DEMOCRATE ET LE PARTI ECOLOGISTE CAP 21 (MODEM)///MIDI-PYRENEES","MIDI-PYRENEES EN ACTION LISTE DU CENTRE PRESENTEE PAR ARNAUD LAFON MAIRE DE CASTANET-TOLOSAN (31) SOUTENUE PAR FRANCOIS BAYROU, LE MOUVEMENT DEMOCRATE ET LE PARTI ECOLOGISTE CAP 21 (MODEM)",MIDI-PYRENEES,MODEM,LAFON,38290,0,0,1,0,0,1,0,0,0,0,0,1,0,0,0,0,0,0,0,0,0,0,0,0,0,0,0,0,0,0,0,1,0,0,0,0,0
"MOUVEMENT REGIONALISTE ALSACIEN ALSACE D'ABORD! REDONNONS UN AVENIR A L'ALSACE (TETE DE LISTE, EXTREME DROITE, LISTE EXTREME DROITE, REGIONALISTES)///ALSACE","MOUVEMENT REGIONALISTE ALSACIEN ALSACE D'ABORD! REDONNONS UN AVENIR A L'ALSACE (TETE DE LISTE, EXTREME DROITE, LISTE EXTREME DROITE, REGIONALISTES)",ALSACE,EXD,CORDONNIER,25906,0,1,0,0,0,0,0,0,0,0,1,0,0,0,0,0,0,0,0,0,0,0,0,0,0,0,0,0,0,0,0,0,1,0,0,0,1
"NOFWAP LA GUADELOUPE EN ACTION (TETE DE LISTE DIVERS DROITE, LISTE DIVERS DROITE, REGIONALISTES)///GUADELOUPE","NOFWAP LA GUADELOUPE EN ACTION (TETE DE LISTE DIVERS DROITE, LISTE DIVERS DROITE, REGIONALISTES)",GUADELOUPE,DVD,LOSIO,2871,0,0,1,0,0,0,0,0,0,0,1,0,0,0,0,0,0,0,0,0,0,0,0,0,0,0,0,0,0,0,0,0,1,0,0,0,0
NON AUX MINARETS EN LORRAINE///LORRAINE,NON AUX MINARETS EN LORRAINE,LORRAINE,EXD,MARTIN,19847,0,0,0,0,0,0,0,0,0,0,0,0,0,0,0,0,0,0,0,0,0,0,0,0,0,0,0,0,0,0,0,0,0,0,0,0,0
"NOTRE REGION RASSEMBLEE AVEC MICHEL VAUZELLE (TETE DE LISTE PS, LISTE PS, DIVERS GAUCHE)///PROVENCE-ALPES-COTE D'AZUR","NOTRE REGION RASSEMBLEE AVEC MICHEL VAUZELLE (TETE DE LISTE PS, LISTE PS, DIVERS GAUCHE)",PROVENCE-ALPES-COTE D'AZUR,SOC-autreG,VAUZELLE,376598,0,0,0,0,0,0,0,0,0,0,0,0,0,0,0,0,0,1,0,0,0,0,0,0,0,0,0,0,1,1,0,0,1,0,0,0,0
"NOUS TE FERONS BRETAGNE (TETE DE LISTE REGIONALISTE, LISTE REGIONALISTES, DIVERS GAUCHE)///PAYS DE LA LOIRE","NOUS TE FERONS BRETAGNE (TETE DE LISTE REGIONALISTE, LISTE REGIONALISTES, DIVERS GAUCHE)",PAYS DE LA LOIRE,DIV,FLIPPOT,11653,0,0,0,0,0,0,0,0,0,0,0,0,0,0,0,0,0,1,0,0,0,0,0,0,0,0,0,0,0,0,0,0,1,0,0,0,0
"NOUS TE FERONS BRETAGNE (TETE DE LISTE REGIONALISTE, LISTE REGIONALISTES, DIVERS)///BRETAGNE","NOUS TE FERONS BRETAGNE (TETE DE LISTE REGIONALISTE, LISTE REGIONALISTES, DIVERS)",BRETAGNE,DIV,TROADEC,47108,0,0,0,0,0,0,0,0,0,0,0,0,0,0,0,0,0,0,0,0,0,0,0,0,0,0,0,0,0,0,0,0,1,0,0,0,0
NOUVEAU PARTI ANTI CAPITALISTE///LORRAINE,NOUVEAU PARTI ANTI CAPITALISTE,LORRAINE,EXG,BOUET,14815,0,0,0,0,0,0,0,0,0,0,0,0,0,0,0,0,0,0,0,0,0,0,0,1,0,0,0,0,0,0,0,0,0,0,0,0,0
OPERATION SPARTACUS///RHONE-ALPES,OPERATION SPARTACUS,RHONE-ALPES,DIV,DULAC,31379,0,0,0,0,0,0,0,0,0,0,0,0,0,0,0,0,0,0,0,0,0,0,0,0,0,0,0,0,0,0,0,0,0,0,0,0,0
"OSONS POUR LA GUADELOUPE (TETE DE LISTE LKP-LIYANAF KON PROFITATION, LISTE DIVERS EXTREME GAUCHE)///GUADELOUPE","OSONS POUR LA GUADELOUPE (TETE DE LISTE LKP-LIYANAF KON PROFITATION, LISTE DIVERS EXTREME GAUCHE)",GUADELOUPE,EXG,PLAISIR,1958,0,0,0,0,0,0,0,0,0,0,0,0,0,0,0,0,0,1,0,0,0,0,0,0,1,0,0,0,0,0,0,0,1,0,0,0,1
"OSONS, ENSEMBLE, POUR LA CHAMPAGNE-ARDENNE AVEC MARIE GRAFTEAUX-PAILLARD, SOUTENUE PAR FRANCOIS BAYROU (MODEM)///CHAMPAGNE-ARDENNE","OSONS, ENSEMBLE, POUR LA CHAMPAGNE-ARDENNE AVEC MARIE GRAFTEAUX-PAILLARD, SOUTENUE PAR FRANCOIS BAYROU (MODEM)",CHAMPAGNE-ARDENNE,MODEM,GRAFTEAUX-PAILLARD,16472,0,0,0,0,0,0,0,0,0,0,0,0,1,0,0,0,0,0,0,0,0,0,0,0,1,0,0,0,0,0,0,1,0,0,0,0,0
"PARTI SOCIALISTE, PARTI RADICAL DE GAUCHE, MOUVEMENT REPUBLICAIN ET CITOYEN, MOUVEMENT UNITAIRE PROGRESSISTE, DIVERS GAUCHE (TETE DE LISTE PS, LISTE PS, PRG, MOUVEMENT UNITAIRE DE GAUCHE-EX PC, DIVERS GAUCHE)///ILE-DE-FRANCE","PARTI SOCIALISTE, PARTI RADICAL DE GAUCHE, MOUVEMENT REPUBLICAIN ET CITOYEN, MOUVEMENT UNITAIRE PROGRESSISTE, DIVERS GAUCHE (TETE DE LISTE PS, LISTE PS, PRG, MOUVEMENT UNITAIRE DE GAUCHE-EX PC, DIVERS GAUCHE)",ILE-DE-FRANCE,SOC-autreG,HUCHON,729863,0,0,0,0,0,0,0,0,0,0,0,0,0,0,0,0,0,1,0,0,0,0,0,0,0,0,1,1,1,0,0,0,1,0,0,0,0
"PATRIOTES MARTINIQUAIS ET SYMPATHISANTS (TETE DE LISTE REGIONALISTE, LISTE DIVERS REGIONALISTES)///MARTINIQUE","PATRIOTES MARTINIQUAIS ET SYMPATHISANTS (TETE DE LISTE REGIONALISTE, LISTE DIVERS REGIONALISTES)",MARTINIQUE,DIV,MARIE-JEANNE,41595,0,0,0,0,0,0,0,0,0,0,0,0,0,0,0,0,0,0,0,0,0,0,0,0,0,0,0,0,0,0,0,0,1,0,0,0,0
"PAUL GIACOBBI, L'ALTERNANCE (TETE DE LISTE PARTI RADICAL DE GAUCHE, LISTE PRG,  SOCIALISTES, DIVERS GAUCHE)///CORSE","PAUL GIACOBBI, L'ALTERNANCE (TETE DE LISTE PARTI RADICAL DE GAUCHE, LISTE PRG,  SOCIALISTES, DIVERS GAUCHE)",CORSE,PRG-SOC,GIACOBBI,20242,0,0,0,0,0,0,0,0,0,0,0,0,0,0,0,0,0,1,0,0,0,0,0,0,0,0,0,0,0,0,0,0,1,0,0,0,0
"POITOU-CHARENTES, UNE ENERGIE D'AVANCE : L'ECOLOGIE, LES EMPLOIS, LA JUSTICE SOCIALE (TETE DE LISTE PS, LISTE PS, AUTRE GAUCHE)///POITOU-CHARENTES","POITOU-CHARENTES, UNE ENERGIE D'AVANCE : L'ECOLOGIE, LES EMPLOIS, LA JUSTICE SOCIALE (TETE DE LISTE PS, LISTE PS, AUTRE GAUCHE)",POITOU-CHARENTES,SOC-autreG,ROYAL,240910,0,0,0,0,0,0,0,0,0,0,0,1,0,0,0,0,0,1,0,0,0,0,0,0,0,0,0,0,1,0,0,0,1,0,0,0,0
"POU GWALOUP AN NOU AY (TETE DE LISTE DIVERS GAUCHE, LISTE DIVERS GAUCHE ET REGIONALISTES)///GUADELOUPE","POU GWALOUP AN NOU AY (TETE DE LISTE DIVERS GAUCHE, LISTE DIVERS GAUCHE ET REGIONALISTES)",GUADELOUPE,DIV,CORNET,9634,0,0,0,0,0,0,0,0,0,0,0,0,0,0,0,0,0,1,0,0,0,0,0,0,0,0,0,0,0,0,0,0,1,0,0,0,0
POUR LA BOURGOGNE CITOYENNE A GAUCHE SUR LES VALEURS DE LA REPUBLIQUE LISTE D'INITIATIVE CITOYENNE///BOURGOGNE,POUR LA BOURGOGNE CITOYENNE A GAUCHE SUR LES VALEURS DE LA REPUBLIQUE LISTE D'INITIATIVE CITOYENNE,BOURGOGNE,DVG,MEKHANTAR,5915,0,0,0,0,0,0,0,0,0,0,0,0,0,0,0,0,0,1,0,0,0,0,0,0,0,0,0,0,0,0,0,0,0,0,0,0,0
"POUR LES AQUITAINS, CHANGEONS LA REGION AVEC XAVIER DARCOS. (TETE DE LISTE UMP, LISTE UMP, NOUVEAU CENTRE, MOUVEMENT POUR LA FRANCE, CPNT)///AQUITAINE","POUR LES AQUITAINS, CHANGEONS LA REGION AVEC XAVIER DARCOS. (TETE DE LISTE UMP, LISTE UMP, NOUVEAU CENTRE, MOUVEMENT POUR LA FRANCE, CPNT)",AQUITAINE,UMP,DARCOS,238367,0,0,0,0,0,1,0,0,0,0,0,0,0,0,0,1,0,0,0,0,0,0,0,1,0,0,0,0,0,0,0,0,1,0,1,0,0
"POUR NOS FAMILLES, NOS EMPLOIS, NOTRE SECURITE, NOS TRADITIONS, NOTRE IDENTITE, RESTONS FRANCAIS DANS NOTRE REGION. LE PARTI DE LA FRANCE, LISTE D'UNION DES NATIONAUX CONDUITE PAR JEAN VERDON. (TETE DE LISTE EXTREME DROITE, LISTE DIVERS EXTREME DROITE ET NATIONALISTE)///CENTRE","POUR NOS FAMILLES, NOS EMPLOIS, NOTRE SECURITE, NOS TRADITIONS, NOTRE IDENTITE, RESTONS FRANCAIS DANS NOTRE REGION. LE PARTI DE LA FRANCE, LISTE D'UNION DES NATIONAUX CONDUITE PAR JEAN VERDON. (TETE DE LISTE EXTREME DROITE, LISTE DIVERS EXTREME DROITE ET NATIONALISTE)",CENTRE,EXD,VERDON,27841,0,0,0,0,0,0,0,1,0,0,1,0,0,0,0,1,0,0,0,0,0,0,1,0,0,0,0,0,0,0,0,0,1,0,0,1,1
"POUR NOTRE NORMANDIE, NOS EMPLOIS, NOTRE SECURITE, NOS FAMILLES, NOS TRADITIONS, NOTRE IDENTITE. LE PARTI DE LA FRANCE. LISTE D'UNION DES NATIONAUX NORMANDS CONDUITE PAR FERNAND LE RACHINEL///BASSE-NORMANDIE","POUR NOTRE NORMANDIE, NOS EMPLOIS, NOTRE SECURITE, NOS FAMILLES, NOS TRADITIONS, NOTRE IDENTITE. LE PARTI DE LA FRANCE. LISTE D'UNION DES NATIONAUX NORMANDS CONDUITE PAR FERNAND LE RACHINEL",BASSE-NORMANDIE,EXD,LE RACHINEL,17888,0,0,0,0,0,0,0,1,0,0,0,0,0,0,0,1,0,0,0,0,0,0,0,0,0,0,0,0,0,0,0,0,0,0,0,1,0
"POUR NOTRE NORMANDIE, NOS EMPLOIS, NOTRE SECURITE, NOS FAMILLES, NOS TRADITIONS, NOTRE IDENTITE. LE PARTI DE LA FRANCE///HAUTE-NORMANDIE","POUR NOTRE NORMANDIE, NOS EMPLOIS, NOTRE SECURITE, NOS FAMILLES, NOS TRADITIONS, NOTRE IDENTITE. LE PARTI DE LA FRANCE",HAUTE-NORMANDIE,EXD,LANG,7790,0,0,0,0,0,0,0,0,0,0,0,0,0,0,0,1,0,0,0,0,0,0,0,0,0,0,0,0,0,0,0,0,0,0,0,0,0
"POUR NOTRE PICARDIE, NOS EMPLOIS, NOTRE SECURITE, NOS FAMILLES, NOS TRADITIONS, NOTRE IDENTITE FRANCAISE LE PARTI DE LA FRANCE LISTE D'UNION NATIONALE CONDUITE PAR THOMAS JOLY///PICARDIE","POUR NOTRE PICARDIE, NOS EMPLOIS, NOTRE SECURITE, NOS FAMILLES, NOS TRADITIONS, NOTRE IDENTITE FRANCAISE LE PARTI DE LA FRANCE LISTE D'UNION NATIONALE CONDUITE PAR THOMAS JOLY",PICARDIE,EXD,JOLY,11624,0,0,0,0,0,0,0,1,0,0,0,0,0,0,0,1,0,0,0,0,0,0,1,0,0,0,0,0,0,0,0,0,0,0,0,1,0
"POUR NOTRE REGION, ENSEMBLE, SOYONS CONQUERANTS (TETE DE LISTE UMP, LISTE UMP, NOUVEAU CENTRE, MOUVEMENT POUR LA FRANCE, CPNT)///BASSE-NORMANDIE","POUR NOTRE REGION, ENSEMBLE, SOYONS CONQUERANTS (TETE DE LISTE UMP, LISTE UMP, NOUVEAU CENTRE, MOUVEMENT POUR LA FRANCE, CPNT)",BASSE-NORMANDIE,UMP,LE GRAND,133451,0,0,0,0,0,1,0,0,0,0,0,0,1,0,0,1,0,0,0,0,0,0,0,1,0,0,0,0,0,0,0,0,1,0,1,0,0
"POUR UNE ALTERNATIVE A GAUCHE ANTICAPITALISTE, ECOLOGISTE, FEMINISTE PRESENTEE PAR LES ALTERNATIFS, LA FASE, LE NPA (NOUVEAU PARTI ANTICAPITALISTE)///POITOU-CHARENTES","POUR UNE ALTERNATIVE A GAUCHE ANTICAPITALISTE, ECOLOGISTE, FEMINISTE PRESENTEE PAR LES ALTERNATIFS, LA FASE, LE NPA (NOUVEAU PARTI ANTICAPITALISTE)",POITOU-CHARENTES,EXG,ROSSIGNOL,11431,0,0,0,0,1,0,0,0,0,0,0,1,0,0,0,0,0,1,0,0,0,0,0,1,0,0,0,0,0,0,0,0,0,0,0,0,0
POUR UNE GAUCHE ANTICAPITALISTE ET ECOLOGISTE. LISTE PRESENTEE PAR LE NPA ET SOUTENUE PAR OLIVIER BESANCENOT. (NOUVEAU PARTI ANTICAPITALISTE)///FRANCHE-COMTE,POUR UNE GAUCHE ANTICAPITALISTE ET ECOLOGISTE. LISTE PRESENTEE PAR LE NPA ET SOUTENUE PAR OLIVIER BESANCENOT. (NOUVEAU PARTI ANTICAPITALISTE),FRANCHE-COMTE,EXG,LYONNAIS,13086,0,0,0,0,1,0,0,0,0,0,0,1,0,0,0,0,0,1,0,0,0,0,0,1,0,0,0,0,0,0,0,1,0,0,0,0,0
"POUR UNE NOUVELLE GUADELOUPE (TETE DE LISTE DIVERS GAUCHE, LISTE REGIONALISTES, DIVERS GAUCHE)///GUADELOUPE","POUR UNE NOUVELLE GUADELOUPE (TETE DE LISTE DIVERS GAUCHE, LISTE REGIONALISTES, DIVERS GAUCHE)",GUADELOUPE,DVG,MATHIASIN-MARC,3903,0,0,0,0,0,0,0,0,0,0,0,0,0,0,0,0,0,1,0,0,0,0,0,0,0,0,0,0,0,0,0,0,1,0,0,0,0
"POUR UNE NOUVELLE NORMANDIE (TETE DE LISTE UMP, LISTE UMP, NOUVEAU CENTRE)///HAUTE-NORMANDIE","POUR UNE NOUVELLE NORMANDIE (TETE DE LISTE UMP, LISTE UMP, NOUVEAU CENTRE)",HAUTE-NORMANDIE,UMP,LE MAIRE,142927,0,0,0,0,0,1,0,0,0,0,0,0,0,0,0,0,0,0,0,0,0,0,0,1,0,0,0,0,0,0,0,0,1,0,1,0,0
POUR UNE REGION ENRACINEE LISTE FRONT NATIONAL///ALSACE,POUR UNE REGION ENRACINEE LISTE FRONT NATIONAL,ALSACE,FN,BINDER,70171,0,0,0,0,0,0,0,0,0,0,0,0,0,0,0,0,1,0,0,0,0,0,1,0,0,0,0,0,0,0,0,0,0,0,0,0,0
"POUR UNE REUNION PLUS JUSTE AVEC L'UNION DES SOCIALISTES (TETE DE LISTE PS, LISTE PS, AUTRE GAUCHE)///REUNION","POUR UNE REUNION PLUS JUSTE AVEC L'UNION DES SOCIALISTES (TETE DE LISTE PS, LISTE PS, AUTRE GAUCHE)",REUNION,SOC,VERGOZ,30941,0,0,0,0,0,0,0,0,0,0,0,0,0,0,0,0,0,1,0,1,0,0,0,0,0,0,0,0,1,0,0,0,1,0,0,1,0
"POUR VOUS, UNE REGION FORTE (TETE DE LISTE PS, LISTE PS, PRG AUTRE GAUCHE)///MIDI-PYRENEES","POUR VOUS, UNE REGION FORTE (TETE DE LISTE PS, LISTE PS, PRG AUTRE GAUCHE)",MIDI-PYRENEES,SOC-autreG,MALVY,415096,0,0,0,0,0,0,0,0,0,0,0,0,0,0,1,0,0,1,0,0,0,0,0,0,0,0,0,0,1,0,0,0,1,0,0,0,0
"PRIORITE EMPLOI - RASSEMBLONS LES LORRAINS (TETE DE LISTE UMP, LISTE UMP, NOUVEAU CENTRE, MOUVEMENT POUR LA FRANCE, CPNT)///LORRAINE","PRIORITE EMPLOI - RASSEMBLONS LES LORRAINS (TETE DE LISTE UMP, LISTE UMP, NOUVEAU CENTRE, MOUVEMENT POUR LA FRANCE, CPNT)",LORRAINE,UMP,HENART,157082,0,0,0,0,0,1,0,0,0,0,0,0,0,0,0,1,0,0,0,0,0,0,0,1,0,0,0,0,0,0,0,0,1,0,1,0,0
"PROVENCE ECOLOGIE MEDITERANEE - ALLIANCE ECOLOGISTE INDEPENDANTE (TETE DE LISTE ECOLOGISTE, LISTE DIVERS ECOLOGISTES)///PROVENCE-ALPES-COTE D'AZUR","PROVENCE ECOLOGIE MEDITERANEE - ALLIANCE ECOLOGISTE INDEPENDANTE (TETE DE LISTE ECOLOGISTE, LISTE DIVERS ECOLOGISTES)",PROVENCE-ALPES-COTE D'AZUR,ECO,MIRAN,34077,0,0,0,1,0,0,0,0,0,0,0,1,0,0,0,0,0,0,1,0,0,0,0,0,0,0,0,0,0,0,0,0,1,0,0,0,0
"RASSEMBLEMENT GAULLISTE, 100% INDEPENDANT, DEBOUT LA REPUBLIQUE (TETE DE LISTE SOUVERAINETE, LISTE DIVERS DROITE)///ILE-DE-FRANCE","RASSEMBLEMENT GAULLISTE, 100% INDEPENDANT, DEBOUT LA REPUBLIQUE (TETE DE LISTE SOUVERAINETE, LISTE DIVERS DROITE)",ILE-DE-FRANCE,DVD,DUPONT-AIGNAN,116642,0,0,0,0,0,0,0,0,0,0,1,0,0,0,0,0,0,0,1,0,0,0,0,0,0,0,0,0,0,1,0,0,1,0,0,0,0
"RASSEMBLEMENT MARTINIQUAIS POUR LE PROGRES DANS LA FRANCE (TETE DE LISTE DIVERS DROITE, LISTES DIVERS DROITE, ASSOCIATIFS)///MARTINIQUE","RASSEMBLEMENT MARTINIQUAIS POUR LE PROGRES DANS LA FRANCE (TETE DE LISTE DIVERS DROITE, LISTES DIVERS DROITE, ASSOCIATIFS)",MARTINIQUE,DVD,GRANIER,1082,0,0,0,0,0,0,0,0,0,0,1,0,0,0,0,1,0,0,0,0,0,0,0,0,0,0,0,1,0,1,0,0,1,0,0,0,0
"RASSEMBLER LA FRANCHE-COMTE AVEC CHRISTOPHE GRUDLER, LISTE SOUTENUE PAR FRANCOIS BAYROU (MODEM)///FRANCHE-COMTE","RASSEMBLER LA FRANCHE-COMTE AVEC CHRISTOPHE GRUDLER, LISTE SOUTENUE PAR FRANCOIS BAYROU (MODEM)",FRANCHE-COMTE,MODEM,GRUDLER,14036,0,0,0,0,0,0,0,0,0,0,0,0,0,0,0,0,0,0,0,0,0,0,0,0,0,0,0,0,0,1,0,1,0,0,0,0,0
"RASSEMBLER LA MARTINIQUE (TETE DE LISTE UMP, LISTE UMP, DIVERS DROITE)///MARTINIQUE","RASSEMBLER LA MARTINIQUE (TETE DE LISTE UMP, LISTE UMP, DIVERS DROITE)",MARTINIQUE,UMP,LESUEUR,13570,0,0,0,0,0,0,0,0,0,0,1,0,0,0,0,0,0,0,0,0,0,0,0,0,0,0,0,0,0,1,0,0,1,0,1,0,0
"RASSEMBLER POUR LA CORSE (TETE DE LISTE UMP, LISTE UMP, NOUVEAU CENTRE)///CORSE","RASSEMBLER POUR LA CORSE (TETE DE LISTE UMP, LISTE UMP, NOUVEAU CENTRE)",CORSE,UMP,DE ROCCA SERRA,27903,0,0,0,0,0,1,0,0,0,0,0,0,0,0,0,0,0,0,0,0,0,0,0,1,0,0,0,0,0,1,0,0,1,0,1,0,0
"RDM-ALLIANCE POUR LE DEVELOPPEMENT DE LA MARTINIQUE (TETE DE LISTE DIVERS GAUCHE, LISTE DIVERS GAUCHE, ASSOCIATIFS)///MARTINIQUE","RDM-ALLIANCE POUR LE DEVELOPPEMENT DE LA MARTINIQUE (TETE DE LISTE DIVERS GAUCHE, LISTE DIVERS GAUCHE, ASSOCIATIFS)",MARTINIQUE,DVG,DE GRANDMAISON,8866,0,0,0,1,0,0,0,0,0,0,0,0,0,0,0,0,0,1,0,0,0,0,0,0,0,0,0,0,0,0,0,0,1,0,0,0,0
"RESISTER, RASSEMBLER, REUSSIR LA REGION QU'ON AIME AVEC DANIEL PERCHERON ET PIERRE DE SAINTIGNON (TETE DE LISTE PS, LISTE PS, AUTRE GAUCHE)///NORD-PAS-DE-CALAIS","RESISTER, RASSEMBLER, REUSSIR LA REGION QU'ON AIME AVEC DANIEL PERCHERON ET PIERRE DE SAINTIGNON (TETE DE LISTE PS, LISTE PS, AUTRE GAUCHE)",NORD-PAS-DE-CALAIS,SOC-autreG,PERCHERON,358185,0,0,0,0,0,0,0,0,0,0,0,0,0,0,0,0,0,1,0,0,0,0,0,0,0,0,0,0,1,1,0,0,1,0,0,0,0
"RETROUVONS NOS VALEURS AVEC HELENE MANDROUX - PARTI SOCIALISTE POUR LE LANGUEDOC-ROUSSILLON (TETE DE LISTE PS, LISTE PS, DIVERS GAUCHE)///LANGUEDOC-ROUSSILLON","RETROUVONS NOS VALEURS AVEC HELENE MANDROUX - PARTI SOCIALISTE POUR LE LANGUEDOC-ROUSSILLON (TETE DE LISTE PS, LISTE PS, DIVERS GAUCHE)",LANGUEDOC-ROUSSILLON,SOC-autreG,MANDROUX,68774,0,0,0,0,0,0,0,0,0,0,0,0,0,0,0,0,0,1,0,0,0,0,0,0,0,0,0,0,1,0,0,0,1,0,0,0,0
"REUSSIR ENSEMBLE (TETE DE LISTE DIVERS GAUCHE, LISTE SOCIALISTES DISSIDENTS, DIVERS GAUCHE)///CORSE","REUSSIR ENSEMBLE (TETE DE LISTE DIVERS GAUCHE, LISTE SOCIALISTES DISSIDENTS, DIVERS GAUCHE)",CORSE,DVG,RENUCCI,8688,0,0,0,0,0,0,0,0,0,0,0,0,1,0,0,0,0,1,0,0,0,0,0,0,0,0,0,0,0,0,0,0,1,0,0,0,0
"RHONE-ALPES DEMOCRATE, CONDUITE PAR AZOUZ BEGAG, SOUTENUE PAR FRANCOIS BAYROU (MODEM)///RHONE-ALPES","RHONE-ALPES DEMOCRATE, CONDUITE PAR AZOUZ BEGAG, SOUTENUE PAR FRANCOIS BAYROU (MODEM)",RHONE-ALPES,MODEM,BEGAG,72610,0,0,0,0,0,0,0,1,0,0,0,0,0,0,0,0,0,0,0,0,0,0,0,0,0,0,0,0,0,0,0,1,0,0,0,0,0
"TERRES DE BRETAGNE (TETE DE LISTE ECOLOGISTE, LISTE DIVERS ECOLOGISTES)///BRETAGNE","TERRES DE BRETAGNE (TETE DE LISTE ECOLOGISTE, LISTE DIVERS ECOLOGISTES)",BRETAGNE,ECO,LAOT,29029,0,0,0,0,0,0,0,0,0,0,0,1,0,0,0,0,0,0,0,0,0,0,0,0,0,0,0,0,0,0,0,0,1,0,0,0,0
"TOUS ENSEMBLE A GAUCHE ! LISTE ANTICAPITALISTE, ECOLOGISTE ET SOLIDAIRE SOUTENUE PAR O. BESANCENOT ET J.L. MELENCHON (NOUVEAU PARTI ANTICAPITALISTE)///CHAMPAGNE-ARDENNE","TOUS ENSEMBLE A GAUCHE ! LISTE ANTICAPITALISTE, ECOLOGISTE ET SOLIDAIRE SOUTENUE PAR O. BESANCENOT ET J.L. MELENCHON (NOUVEAU PARTI ANTICAPITALISTE)",CHAMPAGNE-ARDENNE,EXG,SMITH,18448,0,1,0,0,1,0,0,0,0,0,0,1,1,0,0,0,0,1,0,0,0,0,0,1,0,0,0,0,0,0,1,1,0,1,0,0,0
"TOUS ENSEMBLE, LA GAUCHE VRAIMENT ! (TETE DE LISTE PARTI DE GAUCHE, LISTE PARTI DE GAUCHE, PC, NOUVEAU PARTI ANTICAPITALISTE)///PAYS DE LA LOIRE","TOUS ENSEMBLE, LA GAUCHE VRAIMENT ! (TETE DE LISTE PARTI DE GAUCHE, LISTE PARTI DE GAUCHE, PC, NOUVEAU PARTI ANTICAPITALISTE)",PAYS DE LA LOIRE,COM,GICQUEL,58897,0,1,0,0,1,0,0,0,0,0,0,0,1,0,0,0,0,1,0,0,0,0,0,1,0,0,1,0,0,0,0,0,1,1,0,0,0
"TOUS POUR LA GUADELOUPE (TETE DE LISTE PS, LISTE PS, DIVERS GAUCHE)///GUADELOUPE","TOUS POUR LA GUADELOUPE (TETE DE LISTE PS, LISTE PS, DIVERS GAUCHE)",GUADELOUPE,SOC,LUREL,78261,0,0,0,0,0,0,0,0,0,0,0,0,0,0,0,0,0,1,0,0,0,0,0,0,0,0,0,0,1,0,0,0,1,1,0,0,0
"TOUS POUR LE LANGUEDOC-ROUSSILLON AVEC GEORGES FRECHE (TETE DE LISTE EX PS, LISTE EX PS, PRG, MDC ET PNT)///LANGUEDOC-ROUSSILLON","TOUS POUR LE LANGUEDOC-ROUSSILLON AVEC GEORGES FRECHE (TETE DE LISTE EX PS, LISTE EX PS, PRG, MDC ET PNT)",LANGUEDOC-ROUSSILLON,DVG,FRECHE,304810,0,0,0,0,0,0,0,0,0,0,0,0,0,0,0,0,0,0,0,0,0,0,0,0,0,0,0,0,1,0,0,0,1,1,0,0,0
TOUT CHANGER RIEN LACHER SOUTENUE PAR OLIVIER BESANCENOT (NOUVEAU PARTI ANTICAPITALISTE)///PICARDIE,TOUT CHANGER RIEN LACHER SOUTENUE PAR OLIVIER BESANCENOT (NOUVEAU PARTI ANTICAPITALISTE),PICARDIE,EXG,DESBUREAUX,15313,0,0,0,0,1,0,1,0,0,0,0,0,0,0,0,0,0,0,0,0,0,0,0,1,0,0,0,0,0,0,0,1,0,0,0,0,0
"TOUT CHANGER, RIEN LACHER ! LISTE PRESENTEE PAR LE NPA ET LES OBJECTEURS DE CROISSANCE SOUTENUE PAR OLIVIER BESANCENOT ET CONDUITE PAR MYRIAM MARTIN (NOUVEAU PARTI ANTICAPITALISTE)///MIDI-PYRENEES","TOUT CHANGER, RIEN LACHER ! LISTE PRESENTEE PAR LE NPA ET LES OBJECTEURS DE CROISSANCE SOUTENUE PAR OLIVIER BESANCENOT ET CONDUITE PAR MYRIAM MARTIN (NOUVEAU PARTI ANTICAPITALISTE)",MIDI-PYRENEES,EXG,MARTIN,28389,0,1,0,0,1,0,1,1,0,0,0,0,0,0,0,0,0,0,0,0,0,0,0,1,0,0,0,0,0,0,0,1,0,0,0,0,0
"TOUT CHANGER, RIEN LACHER ! LISTE PRESENTEE PAR LE NPA, SOUTENUE PAR OLIVIER BESANCENOT (NOUVEAU PARTI ANTICAPITALISTE)///HAUTE-NORMANDIE","TOUT CHANGER, RIEN LACHER ! LISTE PRESENTEE PAR LE NPA, SOUTENUE PAR OLIVIER BESANCENOT (NOUVEAU PARTI ANTICAPITALISTE)",HAUTE-NORMANDIE,EXG,POUPIN,14633,0,1,0,0,1,0,1,0,0,0,0,0,0,0,0,0,0,0,0,0,0,0,0,1,0,0,0,0,0,0,0,1,0,0,0,0,0
"TOUT CHANGER, RIEN LACHER ! LISTE SOUTENUE PAR OLIVIER BESANCENOT (NOUVEAU PARTI ANTICAPITALISTE)///NORD-PAS-DE-CALAIS","TOUT CHANGER, RIEN LACHER ! LISTE SOUTENUE PAR OLIVIER BESANCENOT (NOUVEAU PARTI ANTICAPITALISTE)",NORD-PAS-DE-CALAIS,EXG,MONTEL,35005,0,1,0,0,1,0,1,0,0,0,0,0,0,0,0,0,0,0,0,0,0,0,0,1,0,0,0,0,0,0,0,1,0,0,0,0,0
"TOUT CHANGER, RIEN LACHER! LISTE PRESENTEE PAR LE NPA ET CONDUITE PAR OLIVIER BESANCENOT (NOUVEAU PARTI ANTICAPITALISTE)///ILE-DE-FRANCE","TOUT CHANGER, RIEN LACHER! LISTE PRESENTEE PAR LE NPA ET CONDUITE PAR OLIVIER BESANCENOT (NOUVEAU PARTI ANTICAPITALISTE)",ILE-DE-FRANCE,EXG,BESANCENOT,86137,0,1,0,0,1,0,1,1,0,0,0,0,0,0,0,0,0,0,0,0,0,0,0,1,0,0,0,0,0,0,0,0,0,0,0,0,0
"TOUT CHANGER, RIEN LACHER! LISTE SOUTENUE PAR LE NPA ET OLIVIER BESANCENOT (NOUVEAU PARTI ANTICAPITALISTE)///ALSACE","TOUT CHANGER, RIEN LACHER! LISTE SOUTENUE PAR LE NPA ET OLIVIER BESANCENOT (NOUVEAU PARTI ANTICAPITALISTE)",ALSACE,EXG,ZIMMERMANN,8046,0,1,0,0,1,0,1,0,0,0,0,0,0,0,0,0,0,0,0,0,0,0,0,1,0,0,0,0,0,0,0,1,0,0,0,0,0
"TOUT CHANGER, RIEN LACHER, LISTE SOUTENUE PAR OLIVIER BESANCENOT (NOUVEAU PARTI ANTICAPITALISTE)///AQUITAINE","TOUT CHANGER, RIEN LACHER, LISTE SOUTENUE PAR OLIVIER BESANCENOT (NOUVEAU PARTI ANTICAPITALISTE)",AQUITAINE,EXG,POUTOU,25209,0,0,0,0,1,0,1,0,0,0,0,0,0,0,0,0,0,0,0,0,0,0,0,1,0,0,0,0,0,0,0,1,0,0,0,0,0
"UNE DROITE DYNAMIQUE POUR UNE GUYANE MODERNE, PROSPERE ET SOLIDAIRE///GUYANE","UNE DROITE DYNAMIQUE POUR UNE GUYANE MODERNE, PROSPERE ET SOLIDAIRE",GUYANE,DVD,AREL,1274,0,0,0,0,0,0,0,0,0,0,1,0,0,0,0,0,0,0,0,0,0,1,0,0,0,0,0,0,0,0,1,0,0,0,0,0,0
"UNE FRANCHE-COMTE D'AVANCE, JUSTE, ECOLOGIQUE ET INNOVANTE. PS-MRG-PRG-DVG (TETE DE LISTE PS, LISTE PS, DIVERS GAUCHE)///FRANCHE-COMTE","UNE FRANCHE-COMTE D'AVANCE, JUSTE, ECOLOGIQUE ET INNOVANTE. PS-MRG-PRG-DVG (TETE DE LISTE PS, LISTE PS, DIVERS GAUCHE)",FRANCHE-COMTE,SOC-autreG,DUFAY,119159,0,0,0,0,0,0,0,0,0,0,0,0,0,0,0,0,0,1,0,1,0,0,0,0,0,0,0,0,1,0,0,0,1,0,0,0,0
UNE GUYANE POUR TOUS///GUYANE,UNE GUYANE POUR TOUS,GUYANE,DVG,SERVILLE,1845,0,0,0,0,0,0,0,0,0,0,0,0,0,0,0,0,0,0,0,0,0,0,0,0,0,0,0,0,0,0,0,0,0,1,0,0,0
"UNE NOUVELLE DYNAMIQUE POUR LA CHAMPAGNE-ARDENNE (TETE DE LISTE UMP, LISTE UMP, NOUVEAU CENTRE, MOUVEMENT POUR LA FRANCE, CPNT)///CHAMPAGNE-ARDENNE","UNE NOUVELLE DYNAMIQUE POUR LA CHAMPAGNE-ARDENNE (TETE DE LISTE UMP, LISTE UMP, NOUVEAU CENTRE, MOUVEMENT POUR LA FRANCE, CPNT)",CHAMPAGNE-ARDENNE,UMP,WARSMANN,120470,0,0,0,0,0,1,0,0,0,0,0,0,0,0,0,1,0,0,0,0,0,0,0,1,0,0,0,0,0,0,0,0,1,0,1,0,0
"UNE REGION D'AVANCE - LE CHOIX DE RHONE-ALPES (TETE DE LISTE PS, LISTE PS, DIVERS GAUCHE)///RHONE-ALPES","UNE REGION D'AVANCE - LE CHOIX DE RHONE-ALPES (TETE DE LISTE PS, LISTE PS, DIVERS GAUCHE)",RHONE-ALPES,SOC-autreG,QUEYRANNE,433987,0,0,0,0,0,0,0,0,0,0,0,0,0,0,0,0,0,1,0,0,0,0,0,0,0,0,0,0,1,0,0,0,1,0,0,0,0
"UNION POUR LE RENOUVEAU DE L'AUVERGNE (TETE DE LISTE UMP, LISTE UMP, NOUVEAU CENTRE, MOUVEMENT POUR LA FRANCE, CPNT)///AUVERGNE","UNION POUR LE RENOUVEAU DE L'AUVERGNE (TETE DE LISTE UMP, LISTE UMP, NOUVEAU CENTRE, MOUVEMENT POUR LA FRANCE, CPNT)",AUVERGNE,UMP,MARLEIX,137199,0,0,0,0,0,1,0,0,0,0,0,0,0,0,0,1,0,0,0,0,0,0,0,1,0,0,0,0,0,0,0,0,1,0,1,1,0
UNION REPUBLICAINE POPULAIRE///LANGUEDOC-ROUSSILLON,UNION REPUBLICAINE POPULAIRE,LANGUEDOC-ROUSSILLON,DVD,JEANJEAN,17276,0,0,0,0,0,0,0,0,0,0,0,0,0,0,0,0,0,0,0,0,0,0,0,0,0,0,0,0,0,0,0,0,0,0,0,1,0
"VOTEZ JUSTE POUR LE NORD PAS DE CALAIS, LISTE CONDUITE PAR OLIVIER HENNO AVEC LE SOUTIEN DE CORINNE LEPAGE ET DE FRANCOIS BAYROU ET LA PRESENCE DES PERSONNALITES DU CENTRE, DE GAULLISTES SOCIAUX, D'ECOLOGISTES (GENERATION ECOLOGIE, ECOLOGIE DEMOCRATE, CA (TETE DE LISTE MODEM, LISTE MODEM ET DIVERS ECOLOGISTES)///NORD-PAS-DE-CALAIS","VOTEZ JUSTE POUR LE NORD PAS DE CALAIS, LISTE CONDUITE PAR OLIVIER HENNO AVEC LE SOUTIEN DE CORINNE LEPAGE ET DE FRANCOIS BAYROU ET LA PRESENCE DES PERSONNALITES DU CENTRE, DE GAULLISTES SOCIAUX, D'ECOLOGISTES (GENERATION ECOLOGIE, ECOLOGIE DEMOCRATE, CA (TETE DE LISTE MODEM, LISTE MODEM ET DIVERS ECOLOGISTES)",NORD-PAS-DE-CALAIS,MODEM,HENNO,47445,0,0,0,0,0,1,0,1,0,0,0,1,0,0,0,0,0,0,0,1,0,0,0,0,0,0,0,0,0,0,0,0,1,0,0,0,0
"VRAIMENT A GAUCHE LISTE UNITAIRE, ANTICAPITALISTE ET POUR UNE ECOLOGIE RADICALE (NOUVEAU PARTI ANTICAPITALISTE)///BRETAGNE","VRAIMENT A GAUCHE LISTE UNITAIRE, ANTICAPITALISTE ET POUR UNE ECOLOGIE RADICALE (NOUVEAU PARTI ANTICAPITALISTE)",BRETAGNE,EXG,DE BOUARD,26129,0,0,0,0,1,0,0,0,0,0,0,1,0,0,0,0,0,1,0,0,0,0,0,1,0,0,0,0,0,0,0,0,0,0,0,0,0
WWW.ALSACE-NOTRE-TERRE.FR LE CENTRE DROIT: LA VRAIE ALTERNATIVE///ALSACE,WWW.ALSACE-NOTRE-TERRE.FR LE CENTRE DROIT: LA VRAIE ALTERNATIVE,ALSACE,DVD,STRIBY,8303,0,0,0,0,0,1,0,0,0,0,0,0,0,0,0,0,0,0,0,0,0,0,0,0,0,0,0,0,0,0,0,0,0,0,0,0,0

